cell_id,month_date,count_last_1m,count_last_3m,count_last_6m,max_mag_last_3m,max_mag_last_6m,avg_mag_last_6m,avg_depth_last_6m,max_depth_last_6m,max_sig_last_3m,avg_mmi_last_3m,avg_cdi_last_3m,months_since_last_quake,trend_3m_minus_6m_avg,max_mag_last_12m
-0.5_119.5,2018-09-01,0,0,0,0.0,0.0,0.0,0.0,0.0,0.0,0.0,0.0,999,0.0,0.0
-0.5_132.5,2009-01-01,0,0,0,0.0,0.0,0.0,0.0,0.0,0.0,0.0,0.0,999,0.0,0.0
-0.5_133.0,2004-07-01,0,0,0,0.0,0.0,0.0,0.0,0.0,0.0,0.0,0.0,999,0.0,0.0
-1.0_128.0,2019-07-01,0,0,0,0.0,0.0,0.0,0.0,0.0,0.0,0.0,0.0,999,0.0,0.0
-1.0_131.0,2015-09-01,0,0,0,0.0,0.0,0.0,0.0,0.0,0.0,0.0,0.0,999,0.0,0.0
-1.0_133.0,2001-09-01,0,0,0,0.0,0.0,0.0,0.0,0.0,0.0,0.0,0.0,999,0.0,0.0
-1.0_133.0,2009-01-01,0,0,0,0.0,0.0,0.0,0.0,0.0,0.0,0.0,0.0,88,0.0,0.0
-1.0_98.5,2022-03-01,0,0,0,0.0,0.0,0.0,0.0,0.0,0.0,0.0,0.0,999,0.0,0.0
-1.0_99.5,2009-09-01,0,0,0,0.0,0.0,0.0,0.0,0.0,0.0,0.0,0.0,999,0.0,0.0
-1.5_-77.5,2010-08-01,0,0,0,0.0,0.0,0.0,0.0,0.0,0.0,0.0,0.0,999,0.0,0.0
-1.5_120.0,2017-05-01,0,0,0,0.0,0.0,0.0,0.0,0.0,0.0,0.0,0.0,999,0.0,0.0
-1.5_126.5,2007-02-01,0,0,0,0.0,0.0,0.0,0.0,0.0,0.0,0.0,0.0,999,0.0,0.0
-1.5_99.0,2009-08-01,0,0,0,0.0,0.0,0.0,0.0,0.0,0.0,0.0,0.0,999,0.0,0.0
-10.0_159.0,2007-08-01,0,0,0,0.0,0.0,0.0,0.0,0.0,0.0,0.0,0.0,999,0.0,0.0
-10.0_159.5,2001-12-01,0,0,0,0.0,0.0,0.0,0.0,0.0,0.0,0.0,0.0,999,0.0,0.0
-10.0_159.5,2022-11-01,0,0,0,0.0,0.0,0.0,0.0,0.0,0.0,0.0,0.0,251,0.0,0.0
-10.5_-71.5,2015-11-01,0,0,0,0.0,0.0,0.0,0.0,0.0,0.0,0.0,0.0,999,0.0,0.0
-10.5_107.0,2013-06-01,0,0,0,0.0,0.0,0.0,0.0,0.0,0.0,0.0,0.0,999,0.0,0.0
-10.5_160.5,2003-01-01,0,0,0,0.0,0.0,0.0,0.0,0.0,0.0,0.0,0.0,999,0.0,0.0
-10.5_161.0,2011-04-01,0,0,0,0.0,0.0,0.0,0.0,0.0,0.0,0.0,0.0,999,0.0,0.0
-10.5_161.0,2017-01-01,0,0,0,0.0,0.0,0.0,0.0,0.0,0.0,0.0,0.0,69,0.0,0.0
-10.5_161.5,2018-09-01,0,0,0,0.0,0.0,0.0,0.0,0.0,0.0,0.0,0.0,999,0.0,0.0
-10.5_165.0,2015-07-01,0,0,0,0.0,0.0,0.0,0.0,0.0,0.0,0.0,0.0,999,0.0,0.0
-10.5_165.5,2013-02-01,0,0,0,0.0,0.0,0.0,0.0,0.0,0.0,0.0,0.0,999,0.0,0.0
-11.0_-71.0,2015-11-01,0,0,0,0.0,0.0,0.0,0.0,0.0,0.0,0.0,0.0,999,0.0,0.0
-11.0_161.0,2010-04-01,0,0,0,0.0,0.0,0.0,0.0,0.0,0.0,0.0,0.0,999,0.0,0.0
-11.0_161.0,2010-06-01,0,1,1,6.9,6.9,6.9,21.0,21.0,740.0,5.0,4.0,2,0.5,6.9
-11.0_161.0,2016-12-01,0,0,0,0.0,0.0,0.0,0.0,0.0,0.0,0.0,0.0,78,0.0,0.0
-11.0_161.0,2016-12-01,0,0,0,0.0,0.0,0.0,0.0,0.0,0.0,0.0,0.0,78,0.0,0.0
-11.0_161.0,2016-12-01,0,0,0,0.0,0.0,0.0,0.0,0.0,0.0,0.0,0.0,78,0.0,0.0
-11.0_162.0,2004-10-01,0,0,0,0.0,0.0,0.0,0.0,0.0,0.0,0.0,0.0,999,0.0,0.0
-11.0_162.0,2007-11-01,0,0,0,0.0,0.0,0.0,0.0,0.0,0.0,0.0,0.0,37,0.0,0.0
-11.0_164.0,2015-05-01,0,0,0,0.0,0.0,0.0,0.0,0.0,0.0,0.0,0.0,999,0.0,0.0
-11.0_165.0,2013-02-01,0,0,0,0.0,0.0,0.0,0.0,0.0,0.0,0.0,0.0,999,0.0,0.0
-11.0_165.5,2013-02-01,0,0,0,0.0,0.0,0.0,0.0,0.0,0.0,0.0,0.0,999,0.0,0.0
-11.0_165.5,2013-02-01,0,0,0,0.0,0.0,0.0,0.0,0.0,0.0,0.0,0.0,999,0.0,0.0
-11.0_165.5,2013-02-01,0,0,0,0.0,0.0,0.0,0.0,0.0,0.0,0.0,0.0,999,0.0,0.0
-11.0_166.0,2013-02-01,0,0,0,0.0,0.0,0.0,0.0,0.0,0.0,0.0,0.0,999,0.0,0.0
-11.5_-71.0,2018-08-01,0,0,0,0.0,0.0,0.0,0.0,0.0,0.0,0.0,0.0,999,0.0,0.0
-11.5_162.0,2004-11-01,0,0,0,0.0,0.0,0.0,0.0,0.0,0.0,0.0,0.0,999,0.0,0.0
-11.5_162.0,2014-04-01,0,0,0,0.0,0.0,0.0,0.0,0.0,0.0,0.0,0.0,113,0.0,0.0
-11.5_162.0,2014-04-01,0,0,0,0.0,0.0,0.0,0.0,0.0,0.0,0.0,0.0,113,0.0,0.0
-11.5_162.0,2014-04-01,0,0,0,0.0,0.0,0.0,0.0,0.0,0.0,0.0,0.0,113,0.0,0.0
-11.5_163.0,2015-05-01,0,0,0,0.0,0.0,0.0,0.0,0.0,0.0,0.0,0.0,999,0.0,0.0
-11.5_163.5,2015-05-01,0,0,0,0.0,0.0,0.0,0.0,0.0,0.0,0.0,0.0,999,0.0,0.0
-11.5_164.5,2013-02-01,0,0,0,0.0,0.0,0.0,0.0,0.0,0.0,0.0,0.0,999,0.0,0.0
-12.0_165.5,2007-09-01,0,0,0,0.0,0.0,0.0,0.0,0.0,0.0,0.0,0.0,999,0.0,0.0
-12.5_166.5,2020-05-01,0,0,0,0.0,0.0,0.0,0.0,0.0,0.0,0.0,0.0,999,0.0,0.0
-13.0_166.0,2002-06-01,0,0,0,0.0,0.0,0.0,0.0,0.0,0.0,0.0,0.0,999,0.0,0.0
-13.0_166.0,2009-10-01,0,0,0,0.0,0.0,0.0,0.0,0.0,0.0,0.0,0.0,88,0.0,0.0
-13.5_-77.0,2006-10-01,0,0,0,0.0,0.0,0.0,0.0,0.0,0.0,0.0,0.0,999,0.0,0.0
-13.5_-77.0,2007-08-01,0,0,0,0.0,0.0,0.0,0.0,0.0,0.0,0.0,0.0,10,0.0,6.7
-13.5_165.5,2009-10-01,0,0,0,0.0,0.0,0.0,0.0,0.0,0.0,0.0,0.0,999,0.0,0.0
-13.5_166.0,2009-10-01,0,0,0,0.0,0.0,0.0,0.0,0.0,0.0,0.0,0.0,999,0.0,0.0
-13.5_166.5,2009-10-01,0,0,0,0.0,0.0,0.0,0.0,0.0,0.0,0.0,0.0,999,0.0,0.0
-13.5_166.5,2019-01-01,0,0,0,0.0,0.0,0.0,0.0,0.0,0.0,0.0,0.0,111,0.0,0.0
-13.5_167.0,2004-04-01,0,0,0,0.0,0.0,0.0,0.0,0.0,0.0,0.0,0.0,999,0.0,0.0
-14.0_166.5,2008-09-01,0,0,0,0.0,0.0,0.0,0.0,0.0,0.0,0.0,0.0,999,0.0,0.0
-14.0_166.5,2010-05-01,0,0,0,0.0,0.0,0.0,0.0,0.0,0.0,0.0,0.0,20,0.0,0.0
-14.0_166.5,2016-04-01,0,0,0,0.0,0.0,0.0,0.0,0.0,0.0,0.0,0.0,71,0.0,0.0
-14.0_167.0,2010-03-01,0,0,0,0.0,0.0,0.0,0.0,0.0,0.0,0.0,0.0,999,0.0,0.0
-14.0_167.0,2014-01-01,0,0,0,0.0,0.0,0.0,0.0,0.0,0.0,0.0,0.0,46,0.0,0.0
-14.5_-76.0,2011-10-01,0,0,0,0.0,0.0,0.0,0.0,0.0,0.0,0.0,0.0,999,0.0,0.0
-14.5_166.5,2016-04-01,0,0,0,0.0,0.0,0.0,0.0,0.0,0.0,0.0,0.0,999,0.0,0.0
-14.5_166.5,2016-04-01,0,0,0,0.0,0.0,0.0,0.0,0.0,0.0,0.0,0.0,999,0.0,0.0
-14.5_167.0,2005-02-01,0,0,0,0.0,0.0,0.0,0.0,0.0,0.0,0.0,0.0,999,0.0,0.0
-14.5_167.0,2012-12-01,0,0,0,0.0,0.0,0.0,0.0,0.0,0.0,0.0,0.0,94,0.0,0.0
-15.0_-176.0,2014-06-01,0,0,0,0.0,0.0,0.0,0.0,0.0,0.0,0.0,0.0,999,0.0,0.0
-15.0_-70.5,2019-03-01,0,0,0,0.0,0.0,0.0,0.0,0.0,0.0,0.0,0.0,999,0.0,0.0
-15.0_-70.5,2022-05-01,0,0,0,0.0,0.0,0.0,0.0,0.0,0.0,0.0,0.0,38,0.0,0.0
-15.0_-74.0,2014-08-01,0,0,0,0.0,0.0,0.0,0.0,0.0,0.0,0.0,0.0,999,0.0,0.0
-15.0_167.0,2001-01-01,0,0,0,0.0,0.0,0.0,0.0,0.0,0.0,0.0,0.0,999,0.0,0.0
-15.0_167.0,2015-10-01,0,0,0,0.0,0.0,0.0,0.0,0.0,0.0,0.0,0.0,177,0.0,0.0
-15.0_167.0,2017-05-01,0,0,0,0.0,0.0,0.0,0.0,0.0,0.0,0.0,0.0,19,0.0,0.0
-15.0_167.0,2021-08-01,0,0,0,0.0,0.0,0.0,0.0,0.0,0.0,0.0,0.0,51,0.0,0.0
-15.5_-172.5,2009-09-01,0,0,0,0.0,0.0,0.0,0.0,0.0,0.0,0.0,0.0,999,0.0,0.0
-15.5_-173.5,2015-03-01,0,0,0,0.0,0.0,0.0,0.0,0.0,0.0,0.0,0.0,999,0.0,0.0
-15.5_-173.5,2017-11-01,0,0,0,0.0,0.0,0.0,0.0,0.0,0.0,0.0,0.0,32,0.0,0.0
-15.5_167.0,2014-02-01,0,0,0,0.0,0.0,0.0,0.0,0.0,0.0,0.0,0.0,999,0.0,0.0
-16.0_-179.0,2015-04-01,0,0,0,0.0,0.0,0.0,0.0,0.0,0.0,0.0,0.0,999,0.0,0.0
-16.0_-75.0,2013-09-01,0,0,0,0.0,0.0,0.0,0.0,0.0,0.0,0.0,0.0,999,0.0,0.0
-16.0_-75.0,2018-01-01,0,0,0,0.0,0.0,0.0,0.0,0.0,0.0,0.0,0.0,52,0.0,0.0
-16.0_167.5,2006-08-01,0,0,0,0.0,0.0,0.0,0.0,0.0,0.0,0.0,0.0,999,0.0,0.0
-16.0_167.5,2007-08-01,0,0,0,0.0,0.0,0.0,0.0,0.0,0.0,0.0,0.0,12,0.0,6.8
-16.5_-177.5,2021-05-01,0,0,0,0.0,0.0,0.0,0.0,0.0,0.0,0.0,0.0,999,0.0,0.0
-16.5_-74.0,2001-06-01,0,0,0,0.0,0.0,0.0,0.0,0.0,0.0,0.0,0.0,999,0.0,0.0
-16.5_-74.0,2001-07-01,1,1,1,8.4,8.4,8.4,33.0,33.0,1086.0,8.0,0.0,1,0.5,8.4
-16.5_167.0,2016-04-01,0,0,0,0.0,0.0,0.0,0.0,0.0,0.0,0.0,0.0,999,0.0,0.0
-16.5_167.5,2019-07-01,0,0,0,0.0,0.0,0.0,0.0,0.0,0.0,0.0,0.0,999,0.0,0.0
-16.5_168.0,2018-08-01,0,0,0,0.0,0.0,0.0,0.0,0.0,0.0,0.0,0.0,999,0.0,0.0
-17.0_-172.5,2006-09-01,0,0,0,0.0,0.0,0.0,0.0,0.0,0.0,0.0,0.0,999,0.0,0.0
-17.0_176.5,2006-04-01,0,0,0,0.0,0.0,0.0,0.0,0.0,0.0,0.0,0.0,999,0.0,0.0
-17.5_-177.0,2013-11-01,0,0,0,0.0,0.0,0.0,0.0,0.0,0.0,0.0,0.0,999,0.0,0.0
-17.5_168.5,2015-01-01,0,0,0,0.0,0.0,0.0,0.0,0.0,0.0,0.0,0.0,999,0.0,0.0
-17.5_178.0,2009-11-01,0,0,0,0.0,0.0,0.0,0.0,0.0,0.0,0.0,0.0,999,0.0,0.0
-17.5_66.0,2021-05-01,0,0,0,0.0,0.0,0.0,0.0,0.0,0.0,0.0,0.0,999,0.0,0.0
-18.0_-179.0,2018-11-01,0,0,0,0.0,0.0,0.0,0.0,0.0,0.0,0.0,0.0,999,0.0,0.0
-18.0_-72.0,2001-06-01,0,0,0,0.0,0.0,0.0,0.0,0.0,0.0,0.0,0.0,999,0.0,0.0
-18.0_-72.5,2001-07-01,0,0,0,0.0,0.0,0.0,0.0,0.0,0.0,0.0,0.0,999,0.0,0.0
-18.0_167.0,2012-02-01,0,0,0,0.0,0.0,0.0,0.0,0.0,0.0,0.0,0.0,999,0.0,0.0
-18.0_167.5,2002-01-01,0,0,0,0.0,0.0,0.0,0.0,0.0,0.0,0.0,0.0,999,0.0,0.0
-18.0_168.0,2002-01-01,0,0,0,0.0,0.0,0.0,0.0,0.0,0.0,0.0,0.0,999,0.0,0.0
-18.0_168.0,2010-08-01,0,0,0,0.0,0.0,0.0,0.0,0.0,0.0,0.0,0.0,103,0.0,0.0
-18.5_-178.5,2018-08-01,0,0,0,0.0,0.0,0.0,0.0,0.0,0.0,0.0,0.0,999,0.0,0.0
-18.5_-178.5,2018-09-01,1,1,1,8.2,8.2,8.2,600.0,600.0,1050.0,4.0,5.0,1,0.5,8.2
-18.5_120.0,2019-07-01,0,0,0,0.0,0.0,0.0,0.0,0.0,0.0,0.0,0.0,999,0.0,0.0
-18.5_168.0,2011-08-01,0,0,0,0.0,0.0,0.0,0.0,0.0,0.0,0.0,0.0,999,0.0,0.0
-18.5_168.0,2011-08-01,0,0,0,0.0,0.0,0.0,0.0,0.0,0.0,0.0,0.0,999,0.0,0.0
-18.5_168.0,2011-08-01,0,0,0,0.0,0.0,0.0,0.0,0.0,0.0,0.0,0.0,999,0.0,0.0
-18.5_179.0,2018-09-01,0,0,0,0.0,0.0,0.0,0.0,0.0,0.0,0.0,0.0,999,0.0,0.0
-19.0_-175.0,2012-04-01,0,0,0,0.0,0.0,0.0,0.0,0.0,0.0,0.0,0.0,999,0.0,0.0
-19.0_-175.5,2019-11-01,0,0,0,0.0,0.0,0.0,0.0,0.0,0.0,0.0,0.0,999,0.0,0.0
-19.0_-176.5,2021-04-01,0,0,0,0.0,0.0,0.0,0.0,0.0,0.0,0.0,0.0,999,0.0,0.0
-19.5_-172.5,2022-11-01,0,0,0,0.0,0.0,0.0,0.0,0.0,0.0,0.0,0.0,999,0.0,0.0
-19.5_-64.0,2017-02-01,0,0,0,0.0,0.0,0.0,0.0,0.0,0.0,0.0,0.0,999,0.0,0.0
-19.5_-70.5,2009-11-01,0,0,0,0.0,0.0,0.0,0.0,0.0,0.0,0.0,0.0,999,0.0,0.0
-19.5_168.5,2003-11-01,0,0,0,0.0,0.0,0.0,0.0,0.0,0.0,0.0,0.0,999,0.0,0.0
-19.5_176.0,2017-01-01,0,0,0,0.0,0.0,0.0,0.0,0.0,0.0,0.0,0.0,999,0.0,0.0
-2.0_100.0,2007-09-01,0,0,0,0.0,0.0,0.0,0.0,0.0,0.0,0.0,0.0,999,0.0,0.0
-2.0_122.5,2019-04-01,0,0,0,0.0,0.0,0.0,0.0,0.0,0.0,0.0,0.0,999,0.0,0.0
-2.0_133.5,2002-10-01,0,0,0,0.0,0.0,0.0,0.0,0.0,0.0,0.0,0.0,999,0.0,0.0
-2.0_134.0,2002-10-01,0,0,0,0.0,0.0,0.0,0.0,0.0,0.0,0.0,0.0,999,0.0,0.0
-2.0_134.0,2012-04-01,0,0,0,0.0,0.0,0.0,0.0,0.0,0.0,0.0,0.0,114,0.0,0.0
-2.0_99.5,2005-04-01,0,0,0,0.0,0.0,0.0,0.0,0.0,0.0,0.0,0.0,999,0.0,0.0
-2.0_99.5,2005-04-01,0,0,0,0.0,0.0,0.0,0.0,0.0,0.0,0.0,0.0,999,0.0,0.0
-2.0_99.5,2007-09-01,0,0,0,0.0,0.0,0.0,0.0,0.0,0.0,0.0,0.0,29,0.0,0.0
-2.5_-77.5,2019-02-01,0,0,0,0.0,0.0,0.0,0.0,0.0,0.0,0.0,0.0,999,0.0,0.0
-2.5_-78.0,2007-11-01,0,0,0,0.0,0.0,0.0,0.0,0.0,0.0,0.0,0.0,999,0.0,0.0
-2.5_100.5,2016-06-01,0,0,0,0.0,0.0,0.0,0.0,0.0,0.0,0.0,0.0,999,0.0,0.0
-2.5_101.5,2009-10-01,0,0,0,0.0,0.0,0.0,0.0,0.0,0.0,0.0,0.0,999,0.0,0.0
-2.5_136.0,2010-06-01,0,0,0,0.0,0.0,0.0,0.0,0.0,0.0,0.0,0.0,999,0.0,0.0
-2.5_136.5,2010-06-01,0,0,0,0.0,0.0,0.0,0.0,0.0,0.0,0.0,0.0,999,0.0,0.0
-2.5_99.5,2007-09-01,0,0,0,0.0,0.0,0.0,0.0,0.0,0.0,0.0,0.0,999,0.0,0.0
-2.5_99.5,2008-02-01,0,0,1,0.0,7.0,7.0,22.0,22.0,0.0,0.0,0.0,5,-0.5,7.0
-2.5_99.5,2008-02-01,0,0,1,0.0,7.0,7.0,22.0,22.0,0.0,0.0,0.0,5,-0.5,7.0
-2.5_99.5,2008-02-01,0,0,1,0.0,7.0,7.0,22.0,22.0,0.0,0.0,0.0,5,-0.5,7.0
-2.5_99.5,2008-02-01,0,0,1,0.0,7.0,7.0,22.0,22.0,0.0,0.0,0.0,5,-0.5,7.0
-20.0_-174.0,2006-05-01,0,0,0,0.0,0.0,0.0,0.0,0.0,0.0,0.0,0.0,999,0.0,0.0
-20.0_-178.0,2014-11-01,0,0,0,0.0,0.0,0.0,0.0,0.0,0.0,0.0,0.0,999,0.0,0.0
-20.0_-178.5,2014-07-01,0,0,0,0.0,0.0,0.0,0.0,0.0,0.0,0.0,0.0,999,0.0,0.0
-20.0_-178.5,2016-09-01,0,0,0,0.0,0.0,0.0,0.0,0.0,0.0,0.0,0.0,26,0.0,0.0
-20.0_-69.5,2005-06-01,0,0,0,0.0,0.0,0.0,0.0,0.0,0.0,0.0,0.0,999,0.0,0.0
-20.0_-71.0,2014-03-01,0,0,0,0.0,0.0,0.0,0.0,0.0,0.0,0.0,0.0,999,0.0,0.0
-20.0_-71.0,2014-04-01,1,1,1,6.7,6.7,6.7,20.0,20.0,718.0,7.0,7.0,1,0.5,6.7
-20.0_-71.0,2014-04-01,1,1,1,6.7,6.7,6.7,20.0,20.0,718.0,7.0,7.0,1,0.5,6.7
-20.0_167.5,2010-12-01,0,0,0,0.0,0.0,0.0,0.0,0.0,0.0,0.0,0.0,999,0.0,0.0
-20.5_-174.5,2006-05-01,0,0,0,0.0,0.0,0.0,0.0,0.0,0.0,0.0,0.0,999,0.0,0.0
-20.5_-178.5,2022-11-01,0,0,0,0.0,0.0,0.0,0.0,0.0,0.0,0.0,0.0,999,0.0,0.0
-20.5_-179.0,2019-09-01,0,0,0,0.0,0.0,0.0,0.0,0.0,0.0,0.0,0.0,999,0.0,0.0
-20.5_-71.0,2014-04-01,0,0,0,0.0,0.0,0.0,0.0,0.0,0.0,0.0,0.0,999,0.0,0.0
-20.5_168.0,2011-05-01,0,0,0,0.0,0.0,0.0,0.0,0.0,0.0,0.0,0.0,999,0.0,0.0
-20.5_168.5,2008-04-01,0,0,0,0.0,0.0,0.0,0.0,0.0,0.0,0.0,0.0,999,0.0,0.0
-21.0_-63.5,2018-04-01,0,0,0,0.0,0.0,0.0,0.0,0.0,0.0,0.0,0.0,999,0.0,0.0
-21.0_-70.5,2014-04-01,0,0,0,0.0,0.0,0.0,0.0,0.0,0.0,0.0,0.0,999,0.0,0.0
-21.0_168.0,2011-01-01,0,0,0,0.0,0.0,0.0,0.0,0.0,0.0,0.0,0.0,999,0.0,0.0
-21.0_169.0,2007-03-01,0,0,0,0.0,0.0,0.0,0.0,0.0,0.0,0.0,0.0,999,0.0,0.0
-21.0_169.5,2011-09-01,0,0,0,0.0,0.0,0.0,0.0,0.0,0.0,0.0,0.0,999,0.0,0.0
-21.5_168.5,2017-11-01,0,0,0,0.0,0.0,0.0,0.0,0.0,0.0,0.0,0.0,999,0.0,0.0
-21.5_170.0,2014-05-01,0,0,0,0.0,0.0,0.0,0.0,0.0,0.0,0.0,0.0,999,0.0,0.0
-21.5_170.0,2022-09-01,0,0,0,0.0,0.0,0.0,0.0,0.0,0.0,0.0,0.0,100,0.0,0.0
-21.5_174.5,2021-10-01,0,0,0,0.0,0.0,0.0,0.0,0.0,0.0,0.0,0.0,999,0.0,0.0
-21.5_174.5,2021-10-01,0,0,0,0.0,0.0,0.0,0.0,0.0,0.0,0.0,0.0,999,0.0,0.0
-21.5_33.5,2006-02-01,0,0,0,0.0,0.0,0.0,0.0,0.0,0.0,0.0,0.0,999,0.0,0.0
-22.0_-177.5,2021-04-01,0,0,0,0.0,0.0,0.0,0.0,0.0,0.0,0.0,0.0,999,0.0,0.0
-22.0_-178.5,2016-05-01,0,0,0,0.0,0.0,0.0,0.0,0.0,0.0,0.0,0.0,999,0.0,0.0
-22.0_-180.0,2019-11-01,0,0,0,0.0,0.0,0.0,0.0,0.0,0.0,0.0,0.0,999,0.0,0.0
-22.0_-68.5,2002-03-01,0,0,0,0.0,0.0,0.0,0.0,0.0,0.0,0.0,0.0,999,0.0,0.0
-22.0_168.5,2017-11-01,0,0,0,0.0,0.0,0.0,0.0,0.0,0.0,0.0,0.0,999,0.0,0.0
-22.0_168.5,2017-11-01,0,0,0,0.0,0.0,0.0,0.0,0.0,0.0,0.0,0.0,999,0.0,0.0
-22.0_169.0,2017-10-01,0,0,0,0.0,0.0,0.0,0.0,0.0,0.0,0.0,0.0,999,0.0,0.0
-22.0_169.0,2018-12-01,0,0,0,0.0,0.0,0.0,0.0,0.0,0.0,0.0,0.0,14,0.0,0.0
-22.0_169.5,2018-10-01,0,0,0,0.0,0.0,0.0,0.0,0.0,0.0,0.0,0.0,999,0.0,0.0
-22.5_-68.0,2005-11-01,0,0,0,0.0,0.0,0.0,0.0,0.0,0.0,0.0,0.0,999,0.0,0.0
-22.5_-70.0,2007-11-01,0,0,0,0.0,0.0,0.0,0.0,0.0,0.0,0.0,0.0,999,0.0,0.0
-22.5_169.5,2003-12-01,0,0,0,0.0,0.0,0.0,0.0,0.0,0.0,0.0,0.0,999,0.0,0.0
-22.5_169.5,2018-12-01,0,0,0,0.0,0.0,0.0,0.0,0.0,0.0,0.0,0.0,180,0.0,0.0
-22.5_170.0,2018-08-01,0,0,0,0.0,0.0,0.0,0.0,0.0,0.0,0.0,0.0,999,0.0,0.0
-22.5_173.0,2016-08-01,0,0,0,0.0,0.0,0.0,0.0,0.0,0.0,0.0,0.0,999,0.0,0.0
-23.0_-70.5,2007-11-01,0,0,0,0.0,0.0,0.0,0.0,0.0,0.0,0.0,0.0,999,0.0,0.0
-23.0_-70.5,2007-12-01,1,1,1,6.8,6.8,6.8,26.0,26.0,716.0,7.0,6.0,1,0.5,6.8
-23.0_170.0,2022-03-01,0,0,0,0.0,0.0,0.0,0.0,0.0,0.0,0.0,0.0,999,0.0,0.0
-23.0_170.0,2022-03-01,0,0,0,0.0,0.0,0.0,0.0,0.0,0.0,0.0,0.0,999,0.0,0.0
-23.0_25.0,2017-04-01,0,0,0,0.0,0.0,0.0,0.0,0.0,0.0,0.0,0.0,999,0.0,0.0
-23.5_-175.0,2009-03-01,0,0,0,0.0,0.0,0.0,0.0,0.0,0.0,0.0,0.0,999,0.0,0.0
-23.5_-177.5,2013-05-01,0,0,0,0.0,0.0,0.0,0.0,0.0,0.0,0.0,0.0,999,0.0,0.0
-23.5_-179.0,2017-02-01,0,0,0,0.0,0.0,0.0,0.0,0.0,0.0,0.0,0.0,999,0.0,0.0
-23.5_-67.0,2015-02-01,0,0,0,0.0,0.0,0.0,0.0,0.0,0.0,0.0,0.0,999,0.0,0.0
-23.5_-68.5,2020-06-01,0,0,0,0.0,0.0,0.0,0.0,0.0,0.0,0.0,0.0,999,0.0,0.0
-23.5_171.0,2021-02-01,0,0,0,0.0,0.0,0.0,0.0,0.0,0.0,0.0,0.0,999,0.0,0.0
-24.0_-180.0,2022-02-01,0,0,0,0.0,0.0,0.0,0.0,0.0,0.0,0.0,0.0,999,0.0,0.0
-24.0_-67.0,2022-05-01,0,0,0,0.0,0.0,0.0,0.0,0.0,0.0,0.0,0.0,999,0.0,0.0
-25.5_178.0,2018-09-01,0,0,0,0.0,0.0,0.0,0.0,0.0,0.0,0.0,0.0,999,0.0,0.0
-26.0_178.0,2022-11-01,0,0,0,0.0,0.0,0.0,0.0,0.0,0.0,0.0,0.0,999,0.0,0.0
-26.0_178.0,2022-11-01,0,0,0,0.0,0.0,0.0,0.0,0.0,0.0,0.0,0.0,999,0.0,0.0
-26.5_178.0,2022-11-01,0,0,0,0.0,0.0,0.0,0.0,0.0,0.0,0.0,0.0,999,0.0,0.0
-27.5_-71.5,2006-04-01,0,0,0,0.0,0.0,0.0,0.0,0.0,0.0,0.0,0.0,999,0.0,0.0
-27.5_-71.5,2006-04-01,0,0,0,0.0,0.0,0.0,0.0,0.0,0.0,0.0,0.0,999,0.0,0.0
-28.0_-71.0,2002-04-01,0,0,0,0.0,0.0,0.0,0.0,0.0,0.0,0.0,0.0,999,0.0,0.0
-28.0_-71.5,2020-09-01,0,0,0,0.0,0.0,0.0,0.0,0.0,0.0,0.0,0.0,999,0.0,0.0
-28.5_-177.0,2021-03-01,0,0,0,0.0,0.0,0.0,0.0,0.0,0.0,0.0,0.0,999,0.0,0.0
-28.5_-71.0,2013-01-01,0,0,0,0.0,0.0,0.0,0.0,0.0,0.0,0.0,0.0,999,0.0,0.0
-28.5_-71.5,2020-09-01,0,0,0,0.0,0.0,0.0,0.0,0.0,0.0,0.0,0.0,999,0.0,0.0
-3.0_100.0,2007-09-01,0,0,0,0.0,0.0,0.0,0.0,0.0,0.0,0.0,0.0,999,0.0,0.0
-3.0_100.5,2007-09-01,0,0,0,0.0,0.0,0.0,0.0,0.0,0.0,0.0,0.0,999,0.0,0.0
-3.0_138.5,2015-07-01,0,0,0,0.0,0.0,0.0,0.0,0.0,0.0,0.0,0.0,999,0.0,0.0
-3.5_100.0,2010-10-01,0,0,0,0.0,0.0,0.0,0.0,0.0,0.0,0.0,0.0,999,0.0,0.0
-3.5_127.0,2004-01-01,0,0,0,0.0,0.0,0.0,0.0,0.0,0.0,0.0,0.0,999,0.0,0.0
-3.5_128.0,2019-09-01,0,0,0,0.0,0.0,0.0,0.0,0.0,0.0,0.0,0.0,999,0.0,0.0
-3.5_142.0,2002-01-01,0,0,0,0.0,0.0,0.0,0.0,0.0,0.0,0.0,0.0,999,0.0,0.0
-3.5_142.5,2002-09-01,0,0,0,0.0,0.0,0.0,0.0,0.0,0.0,0.0,0.0,999,0.0,0.0
-3.5_142.5,2013-04-01,0,0,0,0.0,0.0,0.0,0.0,0.0,0.0,0.0,0.0,127,0.0,0.0
-30.0_-176.5,2011-07-01,0,0,0,0.0,0.0,0.0,0.0,0.0,0.0,0.0,0.0,999,0.0,0.0
-30.0_-177.0,2022-01-01,0,0,0,0.0,0.0,0.0,0.0,0.0,0.0,0.0,0.0,999,0.0,0.0
-30.0_-177.5,2021-03-01,0,0,0,0.0,0.0,0.0,0.0,0.0,0.0,0.0,0.0,999,0.0,0.0
-30.0_-178.0,2014-06-01,0,0,0,0.0,0.0,0.0,0.0,0.0,0.0,0.0,0.0,999,0.0,0.0
-30.0_-178.0,2014-06-01,0,0,0,0.0,0.0,0.0,0.0,0.0,0.0,0.0,0.0,999,0.0,0.0
-30.0_-178.0,2014-06-01,0,0,0,0.0,0.0,0.0,0.0,0.0,0.0,0.0,0.0,999,0.0,0.0
-30.0_-178.0,2021-03-01,0,0,0,0.0,0.0,0.0,0.0,0.0,0.0,0.0,0.0,81,0.0,0.0
-30.0_-72.5,2015-11-01,0,0,0,0.0,0.0,0.0,0.0,0.0,0.0,0.0,0.0,999,0.0,0.0
-30.0_-72.5,2015-11-01,0,0,0,0.0,0.0,0.0,0.0,0.0,0.0,0.0,0.0,999,0.0,0.0
-30.5_-178.0,2021-06-01,0,0,0,0.0,0.0,0.0,0.0,0.0,0.0,0.0,0.0,999,0.0,0.0
-30.5_-178.0,2022-03-01,0,0,0,0.0,0.0,0.0,0.0,0.0,0.0,0.0,0.0,9,0.0,6.5
-30.5_-71.5,2019-01-01,0,0,0,0.0,0.0,0.0,0.0,0.0,0.0,0.0,0.0,999,0.0,0.0
-30.5_-72.0,2013-10-01,0,0,0,0.0,0.0,0.0,0.0,0.0,0.0,0.0,0.0,999,0.0,0.0
-31.0_-178.5,2013-09-01,0,0,0,0.0,0.0,0.0,0.0,0.0,0.0,0.0,0.0,999,0.0,0.0
-31.0_-178.5,2019-06-01,0,0,0,0.0,0.0,0.0,0.0,0.0,0.0,0.0,0.0,69,0.0,0.0
-31.0_-71.5,2002-06-01,0,0,0,0.0,0.0,0.0,0.0,0.0,0.0,0.0,0.0,999,0.0,0.0
-31.0_-71.5,2015-11-01,0,0,0,0.0,0.0,0.0,0.0,0.0,0.0,0.0,0.0,161,0.0,0.0
-31.0_-72.0,2003-06-01,0,0,0,0.0,0.0,0.0,0.0,0.0,0.0,0.0,0.0,999,0.0,0.0
-31.5_-72.0,2015-09-01,0,0,0,0.0,0.0,0.0,0.0,0.0,0.0,0.0,0.0,999,0.0,0.0
-32.0_-179.5,2018-09-01,0,0,0,0.0,0.0,0.0,0.0,0.0,0.0,0.0,0.0,999,0.0,0.0
-32.0_-71.5,2015-09-01,0,0,0,0.0,0.0,0.0,0.0,0.0,0.0,0.0,0.0,999,0.0,0.0
-32.0_-71.5,2015-09-01,0,0,0,0.0,0.0,0.0,0.0,0.0,0.0,0.0,0.0,999,0.0,0.0
-32.0_-72.0,2015-09-01,0,0,0,0.0,0.0,0.0,0.0,0.0,0.0,0.0,0.0,999,0.0,0.0
-32.0_-72.0,2015-09-01,0,0,0,0.0,0.0,0.0,0.0,0.0,0.0,0.0,0.0,999,0.0,0.0
-33.0_-178.0,2014-02-01,0,0,0,0.0,0.0,0.0,0.0,0.0,0.0,0.0,0.0,999,0.0,0.0
-33.0_-179.0,2022-08-01,0,0,0,0.0,0.0,0.0,0.0,0.0,0.0,0.0,0.0,999,0.0,0.0
-33.0_-71.5,2012-04-01,0,0,0,0.0,0.0,0.0,0.0,0.0,0.0,0.0,0.0,999,0.0,0.0
-33.5_-178.0,2020-06-01,0,0,0,0.0,0.0,0.0,0.0,0.0,0.0,0.0,0.0,999,0.0,0.0
-33.5_-72.5,2017-04-01,0,0,0,0.0,0.0,0.0,0.0,0.0,0.0,0.0,0.0,999,0.0,0.0
-34.5_-72.0,2010-03-01,0,0,0,0.0,0.0,0.0,0.0,0.0,0.0,0.0,0.0,999,0.0,0.0
-34.5_-72.0,2010-03-01,0,0,0,0.0,0.0,0.0,0.0,0.0,0.0,0.0,0.0,999,0.0,0.0
-34.5_-72.5,2019-08-01,0,0,0,0.0,0.0,0.0,0.0,0.0,0.0,0.0,0.0,999,0.0,0.0
-35.5_-71.0,2004-08-01,0,0,0,0.0,0.0,0.0,0.0,0.0,0.0,0.0,0.0,999,0.0,0.0
-35.5_-72.5,2012-03-01,0,0,0,0.0,0.0,0.0,0.0,0.0,0.0,0.0,0.0,999,0.0,0.0
-35.5_-73.0,2011-02-01,0,0,0,0.0,0.0,0.0,0.0,0.0,0.0,0.0,0.0,999,0.0,0.0
-35.5_-73.5,2019-09-01,0,0,0,0.0,0.0,0.0,0.0,0.0,0.0,0.0,0.0,999,0.0,0.0
-36.5_-73.0,2010-02-01,0,0,0,0.0,0.0,0.0,0.0,0.0,0.0,0.0,0.0,999,0.0,0.0
-36.5_-73.0,2011-02-01,0,0,0,0.0,0.0,0.0,0.0,0.0,0.0,0.0,0.0,12,0.0,8.8
-36.5_-73.5,2010-03-01,0,0,0,0.0,0.0,0.0,0.0,0.0,0.0,0.0,0.0,999,0.0,0.0
-37.0_-73.5,2010-03-01,0,0,0,0.0,0.0,0.0,0.0,0.0,0.0,0.0,0.0,999,0.0,0.0
-37.5_179.0,2016-09-01,0,0,0,0.0,0.0,0.0,0.0,0.0,0.0,0.0,0.0,999,0.0,0.0
-38.0_-73.5,2004-05-01,0,0,0,0.0,0.0,0.0,0.0,0.0,0.0,0.0,0.0,999,0.0,0.0
-38.0_-75.5,2010-02-01,0,0,0,0.0,0.0,0.0,0.0,0.0,0.0,0.0,0.0,999,0.0,0.0
-38.0_179.5,2014-11-01,0,0,0,0.0,0.0,0.0,0.0,0.0,0.0,0.0,0.0,999,0.0,0.0
-38.0_179.5,2021-03-01,0,0,0,0.0,0.0,0.0,0.0,0.0,0.0,0.0,0.0,76,0.0,0.0
-38.5_-73.5,2010-07-01,0,0,0,0.0,0.0,0.0,0.0,0.0,0.0,0.0,0.0,999,0.0,0.0
-38.5_-73.5,2011-01-01,0,0,1,0.0,6.6,6.6,22.0,22.0,0.0,0.0,0.0,6,-0.5,6.6
-39.5_-75.0,2020-12-01,0,0,0,0.0,0.0,0.0,0.0,0.0,0.0,0.0,0.0,999,0.0,0.0
-39.5_178.0,2007-12-01,0,0,0,0.0,0.0,0.0,0.0,0.0,0.0,0.0,0.0,999,0.0,0.0
-4.0_100.5,2010-03-01,0,0,0,0.0,0.0,0.0,0.0,0.0,0.0,0.0,0.0,999,0.0,0.0
-4.0_101.0,2007-10-01,0,0,0,0.0,0.0,0.0,0.0,0.0,0.0,0.0,0.0,999,0.0,0.0
-4.0_127.0,2006-03-01,0,0,0,0.0,0.0,0.0,0.0,0.0,0.0,0.0,0.0,999,0.0,0.0
-4.0_135.0,2004-02-01,0,0,0,0.0,0.0,0.0,0.0,0.0,0.0,0.0,0.0,999,0.0,0.0
-4.0_135.0,2004-11-01,0,0,0,0.0,0.0,0.0,0.0,0.0,0.0,0.0,0.0,9,0.0,6.7
-4.0_135.5,2004-02-01,0,0,0,0.0,0.0,0.0,0.0,0.0,0.0,0.0,0.0,999,0.0,0.0
-4.0_138.0,2013-04-01,0,0,0,0.0,0.0,0.0,0.0,0.0,0.0,0.0,0.0,999,0.0,0.0
-4.0_144.5,2011-07-01,0,0,0,0.0,0.0,0.0,0.0,0.0,0.0,0.0,0.0,999,0.0,0.0
-4.0_152.0,2003-07-01,0,0,0,0.0,0.0,0.0,0.0,0.0,0.0,0.0,0.0,999,0.0,0.0
-4.0_152.0,2013-04-01,0,0,0,0.0,0.0,0.0,0.0,0.0,0.0,0.0,0.0,117,0.0,0.0
-4.0_152.5,2016-08-01,0,0,0,0.0,0.0,0.0,0.0,0.0,0.0,0.0,0.0,999,0.0,0.0
-4.0_153.5,2013-07-01,0,0,0,0.0,0.0,0.0,0.0,0.0,0.0,0.0,0.0,999,0.0,0.0
-4.5_-77.0,2021-11-01,0,0,0,0.0,0.0,0.0,0.0,0.0,0.0,0.0,0.0,999,0.0,0.0
-4.5_-77.0,2022-02-01,0,1,1,7.5,7.5,7.5,126.0,126.0,1094.0,8.0,8.0,3,0.5,7.5
-4.5_101.0,2007-09-01,0,0,0,0.0,0.0,0.0,0.0,0.0,0.0,0.0,0.0,999,0.0,0.0
-4.5_101.0,2020-08-01,0,0,0,0.0,0.0,0.0,0.0,0.0,0.0,0.0,0.0,155,0.0,0.0
-4.5_101.0,2020-08-01,0,0,0,0.0,0.0,0.0,0.0,0.0,0.0,0.0,0.0,155,0.0,0.0
-4.5_101.5,2001-01-01,0,0,0,0.0,0.0,0.0,0.0,0.0,0.0,0.0,0.0,999,0.0,0.0
-4.5_123.5,2001-10-01,0,0,0,0.0,0.0,0.0,0.0,0.0,0.0,0.0,0.0,999,0.0,0.0
-4.5_128.0,2001-03-01,0,0,0,0.0,0.0,0.0,0.0,0.0,0.0,0.0,0.0,999,0.0,0.0
-4.5_129.5,2015-12-01,0,0,0,0.0,0.0,0.0,0.0,0.0,0.0,0.0,0.0,999,0.0,0.0
-4.5_135.0,2004-02-01,0,0,0,0.0,0.0,0.0,0.0,0.0,0.0,0.0,0.0,999,0.0,0.0
-4.5_143.0,2017-11-01,0,0,0,0.0,0.0,0.0,0.0,0.0,0.0,0.0,0.0,999,0.0,0.0
-4.5_152.5,2019-05-01,0,0,0,0.0,0.0,0.0,0.0,0.0,0.0,0.0,0.0,999,0.0,0.0
-4.5_153.0,2018-03-01,0,0,0,0.0,0.0,0.0,0.0,0.0,0.0,0.0,0.0,999,0.0,0.0
-42.0_174.0,2013-07-01,0,0,0,0.0,0.0,0.0,0.0,0.0,0.0,0.0,0.0,999,0.0,0.0
-42.0_174.0,2013-08-01,1,1,1,6.5,6.5,6.5,17.0,17.0,693.0,7.0,6.0,1,0.5,6.5
-42.5_173.5,2016-11-01,0,0,0,0.0,0.0,0.0,0.0,0.0,0.0,0.0,0.0,999,0.0,0.0
-43.0_173.0,2016-11-01,0,0,0,0.0,0.0,0.0,0.0,0.0,0.0,0.0,0.0,999,0.0,0.0
-43.0_173.0,2016-11-01,0,0,0,0.0,0.0,0.0,0.0,0.0,0.0,0.0,0.0,999,0.0,0.0
-43.5_-74.0,2016-12-01,0,0,0,0.0,0.0,0.0,0.0,0.0,0.0,0.0,0.0,999,0.0,0.0
-43.5_42.0,2019-01-01,0,0,0,0.0,0.0,0.0,0.0,0.0,0.0,0.0,0.0,999,0.0,0.0
-44.0_171.5,2010-09-01,0,0,0,0.0,0.0,0.0,0.0,0.0,0.0,0.0,0.0,999,0.0,0.0
-45.0_167.5,2007-10-01,0,0,0,0.0,0.0,0.0,0.0,0.0,0.0,0.0,0.0,999,0.0,0.0
-45.5_167.0,2003-08-01,0,0,0,0.0,0.0,0.0,0.0,0.0,0.0,0.0,0.0,999,0.0,0.0
-46.0_166.5,2009-07-01,0,0,0,0.0,0.0,0.0,0.0,0.0,0.0,0.0,0.0,999,0.0,0.0
-47.0_164.5,2004-11-01,0,0,0,0.0,0.0,0.0,0.0,0.0,0.0,0.0,0.0,999,0.0,0.0
-49.5_161.0,2004-12-01,0,0,0,0.0,0.0,0.0,0.0,0.0,0.0,0.0,0.0,999,0.0,0.0
-49.5_164.0,2017-07-01,0,0,0,0.0,0.0,0.0,0.0,0.0,0.0,0.0,0.0,999,0.0,0.0
-5.0_100.5,2022-11-01,0,0,0,0.0,0.0,0.0,0.0,0.0,0.0,0.0,0.0,999,0.0,0.0
-5.0_102.5,2001-02-01,0,0,0,0.0,0.0,0.0,0.0,0.0,0.0,0.0,0.0,999,0.0,0.0
-5.0_108.0,2016-10-01,0,0,0,0.0,0.0,0.0,0.0,0.0,0.0,0.0,0.0,999,0.0,0.0
-5.0_133.5,2010-09-01,0,0,0,0.0,0.0,0.0,0.0,0.0,0.0,0.0,0.0,999,0.0,0.0
-5.0_134.0,2012-10-01,0,0,0,0.0,0.0,0.0,0.0,0.0,0.0,0.0,0.0,999,0.0,0.0
-5.0_152.5,2015-03-01,0,0,0,0.0,0.0,0.0,0.0,0.0,0.0,0.0,0.0,999,0.0,0.0
-5.0_153.0,2002-12-01,0,0,0,0.0,0.0,0.0,0.0,0.0,0.0,0.0,0.0,999,0.0,0.0
-5.0_153.0,2003-03-01,0,1,1,6.7,6.7,6.7,34.0,34.0,691.0,6.0,0.0,3,0.5,6.7
-5.0_153.0,2005-09-01,0,0,0,0.0,0.0,0.0,0.0,0.0,0.0,0.0,0.0,30,0.0,0.0
-5.0_153.0,2012-07-01,0,0,0,0.0,0.0,0.0,0.0,0.0,0.0,0.0,0.0,82,0.0,0.0
-5.0_153.5,2007-09-01,0,0,0,0.0,0.0,0.0,0.0,0.0,0.0,0.0,0.0,999,0.0,0.0
-5.0_153.5,2016-12-01,0,0,0,0.0,0.0,0.0,0.0,0.0,0.0,0.0,0.0,111,0.0,0.0
-5.0_94.0,2016-03-01,0,0,0,0.0,0.0,0.0,0.0,0.0,0.0,0.0,0.0,999,0.0,0.0
-5.5_146.5,2010-08-01,0,0,0,0.0,0.0,0.0,0.0,0.0,0.0,0.0,0.0,999,0.0,0.0
-5.5_147.0,2012-04-01,0,0,0,0.0,0.0,0.0,0.0,0.0,0.0,0.0,0.0,999,0.0,0.0
-5.5_151.0,2002-02-01,0,0,0,0.0,0.0,0.0,0.0,0.0,0.0,0.0,0.0,999,0.0,0.0
-5.5_151.5,2005-09-01,0,0,0,0.0,0.0,0.0,0.0,0.0,0.0,0.0,0.0,999,0.0,0.0
-5.5_151.5,2015-04-01,0,0,0,0.0,0.0,0.0,0.0,0.0,0.0,0.0,0.0,115,0.0,0.0
-5.5_151.5,2015-05-01,1,1,1,6.7,6.7,6.7,31.0,31.0,692.0,6.0,5.0,1,0.5,6.7
-5.5_151.5,2015-05-01,1,1,1,6.7,6.7,6.7,31.0,31.0,692.0,6.0,5.0,1,0.5,6.7
-5.5_152.5,2003-06-01,0,0,0,0.0,0.0,0.0,0.0,0.0,0.0,0.0,0.0,999,0.0,0.0
-5.5_153.5,2003-01-01,0,0,0,0.0,0.0,0.0,0.0,0.0,0.0,0.0,0.0,999,0.0,0.0
-5.5_153.5,2009-06-01,0,0,0,0.0,0.0,0.0,0.0,0.0,0.0,0.0,0.0,77,0.0,0.0
-54.5_159.0,2022-05-01,0,0,0,0.0,0.0,0.0,0.0,0.0,0.0,0.0,0.0,999,0.0,0.0
-54.5_2.0,2017-12-01,0,0,0,0.0,0.0,0.0,0.0,0.0,0.0,0.0,0.0,999,0.0,0.0
-55.5_-28.5,2014-06-01,0,0,0,0.0,0.0,0.0,0.0,0.0,0.0,0.0,0.0,999,0.0,0.0
-56.5_-26.0,2017-05-01,0,0,0,0.0,0.0,0.0,0.0,0.0,0.0,0.0,0.0,999,0.0,0.0
-56.5_-27.0,2016-05-01,0,0,0,0.0,0.0,0.0,0.0,0.0,0.0,0.0,0.0,999,0.0,0.0
-58.0_-25.5,2021-08-01,0,0,0,0.0,0.0,0.0,0.0,0.0,0.0,0.0,0.0,999,0.0,0.0
-58.5_-23.5,2021-08-01,0,0,0,0.0,0.0,0.0,0.0,0.0,0.0,0.0,0.0,999,0.0,0.0
-58.5_-25.5,2021-08-01,0,0,0,0.0,0.0,0.0,0.0,0.0,0.0,0.0,0.0,999,0.0,0.0
-59.0_-25.5,2019-04-01,0,0,0,0.0,0.0,0.0,0.0,0.0,0.0,0.0,0.0,999,0.0,0.0
-59.0_-26.5,2018-12-01,0,0,0,0.0,0.0,0.0,0.0,0.0,0.0,0.0,0.0,999,0.0,0.0
-6.0_-75.5,2019-05-01,0,0,0,0.0,0.0,0.0,0.0,0.0,0.0,0.0,0.0,999,0.0,0.0
-6.0_-76.5,2005-09-01,0,0,0,0.0,0.0,0.0,0.0,0.0,0.0,0.0,0.0,999,0.0,0.0
-6.0_107.0,2007-08-01,0,0,0,0.0,0.0,0.0,0.0,0.0,0.0,0.0,0.0,999,0.0,0.0
-6.0_110.5,2020-07-01,0,0,0,0.0,0.0,0.0,0.0,0.0,0.0,0.0,0.0,999,0.0,0.0
-6.0_122.0,2005-02-01,0,0,0,0.0,0.0,0.0,0.0,0.0,0.0,0.0,0.0,999,0.0,0.0
-6.0_147.0,2007-11-01,0,0,0,0.0,0.0,0.0,0.0,0.0,0.0,0.0,0.0,999,0.0,0.0
-6.0_148.0,2014-11-01,0,0,0,0.0,0.0,0.0,0.0,0.0,0.0,0.0,0.0,999,0.0,0.0
-6.0_150.0,2001-10-01,0,0,0,0.0,0.0,0.0,0.0,0.0,0.0,0.0,0.0,999,0.0,0.0
-6.0_150.0,2010-07-01,0,0,0,0.0,0.0,0.0,0.0,0.0,0.0,0.0,0.0,105,0.0,0.0
-6.0_150.5,2003-11-01,0,0,0,0.0,0.0,0.0,0.0,0.0,0.0,0.0,0.0,999,0.0,0.0
-6.0_150.5,2006-10-01,0,0,0,0.0,0.0,0.0,0.0,0.0,0.0,0.0,0.0,35,0.0,0.0
-6.0_150.5,2010-07-01,0,0,0,0.0,0.0,0.0,0.0,0.0,0.0,0.0,0.0,45,0.0,0.0
-6.0_150.5,2010-08-01,1,1,1,7.3,7.3,7.3,35.0,35.0,831.0,7.0,8.0,1,0.5,7.3
-6.0_151.0,2006-05-01,0,0,0,0.0,0.0,0.0,0.0,0.0,0.0,0.0,0.0,999,0.0,0.0
-6.0_151.0,2018-03-01,0,0,0,0.0,0.0,0.0,0.0,0.0,0.0,0.0,0.0,142,0.0,0.0
-6.0_151.0,2018-10-01,0,0,0,0.0,0.0,0.0,0.0,0.0,0.0,0.0,0.0,7,0.0,6.7
-6.0_151.5,2018-03-01,0,0,0,0.0,0.0,0.0,0.0,0.0,0.0,0.0,0.0,999,0.0,0.0
-6.5_129.0,2019-06-01,0,0,0,0.0,0.0,0.0,0.0,0.0,0.0,0.0,0.0,999,0.0,0.0
-6.5_130.0,2009-10-01,0,0,0,0.0,0.0,0.0,0.0,0.0,0.0,0.0,0.0,999,0.0,0.0
-6.5_142.5,2018-02-01,0,0,0,0.0,0.0,0.0,0.0,0.0,0.0,0.0,0.0,999,0.0,0.0
-6.5_142.5,2018-03-01,1,1,1,7.5,7.5,7.5,25.21,25.21,943.0,8.0,9.0,1,0.5,7.5
-6.5_145.5,2012-03-01,0,0,0,0.0,0.0,0.0,0.0,0.0,0.0,0.0,0.0,999,0.0,0.0
-6.5_146.0,2022-09-01,0,0,0,0.0,0.0,0.0,0.0,0.0,0.0,0.0,0.0,999,0.0,0.0
-6.5_148.5,2016-10-01,0,0,0,0.0,0.0,0.0,0.0,0.0,0.0,0.0,0.0,999,0.0,0.0
-6.5_149.5,2010-12-01,0,0,0,0.0,0.0,0.0,0.0,0.0,0.0,0.0,0.0,999,0.0,0.0
-6.5_149.5,2013-07-01,0,0,0,0.0,0.0,0.0,0.0,0.0,0.0,0.0,0.0,31,0.0,0.0
-6.5_151.0,2006-11-01,0,0,0,0.0,0.0,0.0,0.0,0.0,0.0,0.0,0.0,999,0.0,0.0
-6.5_152.5,2014-07-01,0,0,0,0.0,0.0,0.0,0.0,0.0,0.0,0.0,0.0,999,0.0,0.0
-6.5_154.5,2013-04-01,0,0,0,0.0,0.0,0.0,0.0,0.0,0.0,0.0,0.0,999,0.0,0.0
-6.5_154.5,2013-10-01,0,0,1,0.0,6.6,6.6,31.0,31.0,0.0,0.0,0.0,6,-0.5,6.6
-6.5_155.0,2017-01-01,0,0,0,0.0,0.0,0.0,0.0,0.0,0.0,0.0,0.0,999,0.0,0.0
-6.5_29.5,2005-12-01,0,0,0,0.0,0.0,0.0,0.0,0.0,0.0,0.0,0.0,999,0.0,0.0
-60.5_-24.5,2021-08-01,0,0,0,0.0,0.0,0.0,0.0,0.0,0.0,0.0,0.0,999,0.0,0.0
-60.5_-25.0,2021-08-01,0,0,0,0.0,0.0,0.0,0.0,0.0,0.0,0.0,0.0,999,0.0,0.0
-60.5_-27.0,2019-08-01,0,0,0,0.0,0.0,0.0,0.0,0.0,0.0,0.0,0.0,999,0.0,0.0
-60.5_-46.5,2013-11-01,0,0,0,0.0,0.0,0.0,0.0,0.0,0.0,0.0,0.0,999,0.0,0.0
-60.5_-47.5,2013-11-01,0,0,0,0.0,0.0,0.0,0.0,0.0,0.0,0.0,0.0,999,0.0,0.0
-61.0_-25.5,2013-07-01,0,0,0,0.0,0.0,0.0,0.0,0.0,0.0,0.0,0.0,999,0.0,0.0
-61.0_-43.5,2003-08-01,0,0,0,0.0,0.0,0.0,0.0,0.0,0.0,0.0,0.0,999,0.0,0.0
-62.0_-56.0,2021-01-01,0,0,0,0.0,0.0,0.0,0.0,0.0,0.0,0.0,0.0,999,0.0,0.0
-7.0_105.0,2022-01-01,0,0,0,0.0,0.0,0.0,0.0,0.0,0.0,0.0,0.0,999,0.0,0.0
-7.0_123.0,2020-08-01,0,0,0,0.0,0.0,0.0,0.0,0.0,0.0,0.0,0.0,999,0.0,0.0
-7.0_129.5,2005-03-01,0,0,0,0.0,0.0,0.0,0.0,0.0,0.0,0.0,0.0,999,0.0,0.0
-7.0_129.5,2012-12-01,0,0,0,0.0,0.0,0.0,0.0,0.0,0.0,0.0,0.0,93,0.0,0.0
-7.0_129.5,2020-05-01,0,0,0,0.0,0.0,0.0,0.0,0.0,0.0,0.0,0.0,89,0.0,0.0
-7.0_146.0,2019-05-01,0,0,0,0.0,0.0,0.0,0.0,0.0,0.0,0.0,0.0,999,0.0,0.0
-7.0_147.5,2011-10-01,0,0,0,0.0,0.0,0.0,0.0,0.0,0.0,0.0,0.0,999,0.0,0.0
-7.0_148.0,2013-03-01,0,0,0,0.0,0.0,0.0,0.0,0.0,0.0,0.0,0.0,999,0.0,0.0
-7.0_154.0,2014-12-01,0,0,0,0.0,0.0,0.0,0.0,0.0,0.0,0.0,0.0,999,0.0,0.0
-7.0_154.5,2014-04-01,0,0,0,0.0,0.0,0.0,0.0,0.0,0.0,0.0,0.0,999,0.0,0.0
-7.0_155.0,2014-04-01,0,0,0,0.0,0.0,0.0,0.0,0.0,0.0,0.0,0.0,999,0.0,0.0
-7.0_155.0,2014-04-01,0,0,0,0.0,0.0,0.0,0.0,0.0,0.0,0.0,0.0,999,0.0,0.0
-7.0_155.0,2014-04-01,0,0,0,0.0,0.0,0.0,0.0,0.0,0.0,0.0,0.0,999,0.0,0.0
-7.0_155.5,2006-09-01,0,0,0,0.0,0.0,0.0,0.0,0.0,0.0,0.0,0.0,999,0.0,0.0
-7.5_104.5,2019-08-01,0,0,0,0.0,0.0,0.0,0.0,0.0,0.0,0.0,0.0,999,0.0,0.0
-7.5_108.0,2017-12-01,0,0,0,0.0,0.0,0.0,0.0,0.0,0.0,0.0,0.0,999,0.0,0.0
-7.5_119.5,2018-08-01,0,0,0,0.0,0.0,0.0,0.0,0.0,0.0,0.0,0.0,999,0.0,0.0
-7.5_122.5,2015-02-01,0,0,0,0.0,0.0,0.0,0.0,0.0,0.0,0.0,0.0,999,0.0,0.0
-7.5_123.0,2017-10-01,0,0,0,0.0,0.0,0.0,0.0,0.0,0.0,0.0,0.0,999,0.0,0.0
-7.5_128.0,2013-09-01,0,0,0,0.0,0.0,0.0,0.0,0.0,0.0,0.0,0.0,999,0.0,0.0
-7.5_154.5,2015-05-01,0,0,0,0.0,0.0,0.0,0.0,0.0,0.0,0.0,0.0,999,0.0,0.0
-7.5_155.5,2001-04-01,0,0,0,0.0,0.0,0.0,0.0,0.0,0.0,0.0,0.0,999,0.0,0.0
-7.5_155.5,2007-04-01,0,0,0,0.0,0.0,0.0,0.0,0.0,0.0,0.0,0.0,72,0.0,0.0
-7.5_155.5,2007-04-01,0,0,0,0.0,0.0,0.0,0.0,0.0,0.0,0.0,0.0,72,0.0,0.0
-8.0_-75.0,2011-08-01,0,0,0,0.0,0.0,0.0,0.0,0.0,0.0,0.0,0.0,999,0.0,0.0
-8.0_107.0,2009-09-01,0,0,0,0.0,0.0,0.0,0.0,0.0,0.0,0.0,0.0,999,0.0,0.0
-8.0_122.0,2021-12-01,0,0,0,0.0,0.0,0.0,0.0,0.0,0.0,0.0,0.0,999,0.0,0.0
-8.0_127.5,2016-12-01,0,0,0,0.0,0.0,0.0,0.0,0.0,0.0,0.0,0.0,999,0.0,0.0
-8.0_127.5,2021-12-01,0,0,0,0.0,0.0,0.0,0.0,0.0,0.0,0.0,0.0,60,0.0,0.0
-8.0_146.5,2011-12-01,0,0,0,0.0,0.0,0.0,0.0,0.0,0.0,0.0,0.0,999,0.0,0.0
-8.0_147.5,2020-07-01,0,0,0,0.0,0.0,0.0,0.0,0.0,0.0,0.0,0.0,999,0.0,0.0
-8.5_-72.0,2019-01-01,0,0,0,0.0,0.0,0.0,0.0,0.0,0.0,0.0,0.0,999,0.0,0.0
-8.5_116.0,2018-08-01,0,0,0,0.0,0.0,0.0,0.0,0.0,0.0,0.0,0.0,999,0.0,0.0
-8.5_116.5,2018-08-01,0,0,0,0.0,0.0,0.0,0.0,0.0,0.0,0.0,0.0,999,0.0,0.0
-8.5_118.0,2007-11-01,0,0,0,0.0,0.0,0.0,0.0,0.0,0.0,0.0,0.0,999,0.0,0.0
-8.5_118.0,2007-11-01,0,0,0,0.0,0.0,0.0,0.0,0.0,0.0,0.0,0.0,999,0.0,0.0
-8.5_118.5,2009-11-01,0,0,0,0.0,0.0,0.0,0.0,0.0,0.0,0.0,0.0,999,0.0,0.0
-8.5_120.5,2003-03-01,0,0,0,0.0,0.0,0.0,0.0,0.0,0.0,0.0,0.0,999,0.0,0.0
-8.5_124.5,2004-11-01,0,0,0,0.0,0.0,0.0,0.0,0.0,0.0,0.0,0.0,999,0.0,0.0
-8.5_124.5,2015-11-01,0,0,0,0.0,0.0,0.0,0.0,0.0,0.0,0.0,0.0,132,0.0,0.0
-8.5_157.0,2007-04-01,0,0,0,0.0,0.0,0.0,0.0,0.0,0.0,0.0,0.0,999,0.0,0.0
-9.0_157.0,2010-01-01,0,0,0,0.0,0.0,0.0,0.0,0.0,0.0,0.0,0.0,999,0.0,0.0
-9.0_157.0,2010-01-01,0,0,0,0.0,0.0,0.0,0.0,0.0,0.0,0.0,0.0,999,0.0,0.0
-9.0_158.0,2015-11-01,0,0,0,0.0,0.0,0.0,0.0,0.0,0.0,0.0,0.0,999,0.0,0.0
-9.5_-71.5,2015-11-01,0,0,0,0.0,0.0,0.0,0.0,0.0,0.0,0.0,0.0,999,0.0,0.0
-9.5_-71.5,2022-06-01,0,0,0,0.0,0.0,0.0,0.0,0.0,0.0,0.0,0.0,79,0.0,0.0
-9.5_107.0,2006-07-01,0,0,0,0.0,0.0,0.0,0.0,0.0,0.0,0.0,0.0,999,0.0,0.0
-9.5_122.5,2004-04-01,0,0,0,0.0,0.0,0.0,0.0,0.0,0.0,0.0,0.0,999,0.0,0.0
-9.5_157.5,2010-01-01,0,0,0,0.0,0.0,0.0,0.0,0.0,0.0,0.0,0.0,999,0.0,0.0
-9.5_157.5,2015-08-01,0,0,0,0.0,0.0,0.0,0.0,0.0,0.0,0.0,0.0,67,0.0,0.0
-9.5_158.0,2015-07-01,0,0,0,0.0,0.0,0.0,0.0,0.0,0.0,0.0,0.0,999,0.0,0.0
-9.5_158.0,2015-08-01,1,1,1,6.7,6.7,6.7,12.0,12.0,691.0,5.0,4.0,1,0.5,6.7
0.0_-80.0,2016-04-01,0,0,0,0.0,0.0,0.0,0.0,0.0,0.0,0.0,0.0,999,0.0,0.0
0.0_-80.0,2016-05-01,1,1,1,7.8,7.8,7.8,20.59,20.59,1163.0,9.0,9.0,1,0.5,7.8
0.0_-80.0,2016-05-01,1,1,1,7.8,7.8,7.8,20.59,20.59,1163.0,9.0,9.0,1,0.5,7.8
0.0_96.5,2021-05-01,0,0,0,0.0,0.0,0.0,0.0,0.0,0.0,0.0,0.0,999,0.0,0.0
0.0_97.0,2006-05-01,0,0,0,0.0,0.0,0.0,0.0,0.0,0.0,0.0,0.0,999,0.0,0.0
0.5_-27.0,2020-09-01,0,0,0,0.0,0.0,0.0,0.0,0.0,0.0,0.0,0.0,999,0.0,0.0
0.5_-30.0,2020-08-01,0,0,0,0.0,0.0,0.0,0.0,0.0,0.0,0.0,0.0,999,0.0,0.0
0.5_126.0,2019-07-01,0,0,0,0.0,0.0,0.0,0.0,0.0,0.0,0.0,0.0,999,0.0,0.0
0.5_146.0,2014-08-01,0,0,0,0.0,0.0,0.0,0.0,0.0,0.0,0.0,0.0,999,0.0,0.0
0.5_92.0,2012-04-01,0,0,0,0.0,0.0,0.0,0.0,0.0,0.0,0.0,0.0,999,0.0,0.0
0.5_98.0,2005-05-01,0,0,0,0.0,0.0,0.0,0.0,0.0,0.0,0.0,0.0,999,0.0,0.0
1.0_-77.5,2013-02-01,0,0,0,0.0,0.0,0.0,0.0,0.0,0.0,0.0,0.0,999,0.0,0.0
1.0_122.0,2008-11-01,0,0,0,0.0,0.0,0.0,0.0,0.0,0.0,0.0,0.0,999,0.0,0.0
1.0_126.0,2001-02-01,0,0,0,0.0,0.0,0.0,0.0,0.0,0.0,0.0,0.0,999,0.0,0.0
1.0_126.0,2007-01-01,0,0,0,0.0,0.0,0.0,0.0,0.0,0.0,0.0,0.0,71,0.0,0.0
1.5_-76.5,2012-09-01,0,0,0,0.0,0.0,0.0,0.0,0.0,0.0,0.0,0.0,999,0.0,0.0
1.5_126.0,2019-11-01,0,0,0,0.0,0.0,0.0,0.0,0.0,0.0,0.0,0.0,999,0.0,0.0
1.5_126.5,2014-11-01,0,0,0,0.0,0.0,0.0,0.0,0.0,0.0,0.0,0.0,999,0.0,0.0
1.5_126.5,2014-11-01,0,0,0,0.0,0.0,0.0,0.0,0.0,0.0,0.0,0.0,999,0.0,0.0
1.5_127.0,2008-09-01,0,0,0,0.0,0.0,0.0,0.0,0.0,0.0,0.0,0.0,999,0.0,0.0
1.5_97.0,2005-05-01,0,0,0,0.0,0.0,0.0,0.0,0.0,0.0,0.0,0.0,999,0.0,0.0
1.5_97.0,2005-07-01,0,1,1,6.9,6.9,6.9,30.0,30.0,740.0,7.0,5.0,2,0.5,6.9
10.0_-85.5,2012-09-01,0,0,0,0.0,0.0,0.0,0.0,0.0,0.0,0.0,0.0,999,0.0,0.0
10.0_-85.5,2012-10-01,1,1,1,7.6,7.6,7.6,35.0,35.0,1555.0,7.0,8.0,1,0.5,7.6
10.5_-43.0,2013-06-01,0,0,0,0.0,0.0,0.0,0.0,0.0,0.0,0.0,0.0,999,0.0,0.0
10.5_-63.0,2018-08-01,0,0,0,0.0,0.0,0.0,0.0,0.0,0.0,0.0,0.0,999,0.0,0.0
10.5_126.5,2012-08-01,0,0,0,0.0,0.0,0.0,0.0,0.0,0.0,0.0,0.0,999,0.0,0.0
11.0_-86.5,2005-07-01,0,0,0,0.0,0.0,0.0,0.0,0.0,0.0,0.0,0.0,999,0.0,0.0
11.0_-87.0,2004-10-01,0,0,0,0.0,0.0,0.0,0.0,0.0,0.0,0.0,0.0,999,0.0,0.0
11.0_124.5,2017-07-01,0,0,0,0.0,0.0,0.0,0.0,0.0,0.0,0.0,0.0,999,0.0,0.0
11.0_91.5,2008-06-01,0,0,0,0.0,0.0,0.0,0.0,0.0,0.0,0.0,0.0,999,0.0,0.0
11.5_-86.0,2014-04-01,0,0,0,0.0,0.0,0.0,0.0,0.0,0.0,0.0,0.0,999,0.0,0.0
11.5_-87.0,2013-06-01,0,0,0,0.0,0.0,0.0,0.0,0.0,0.0,0.0,0.0,999,0.0,0.0
11.5_-87.0,2022-04-01,0,0,0,0.0,0.0,0.0,0.0,0.0,0.0,0.0,0.0,106,0.0,0.0
11.5_-89.0,2016-11-01,0,0,0,0.0,0.0,0.0,0.0,0.0,0.0,0.0,0.0,999,0.0,0.0
12.0_-88.0,2021-09-01,0,0,0,0.0,0.0,0.0,0.0,0.0,0.0,0.0,0.0,999,0.0,0.0
12.0_-89.0,2012-08-01,0,0,0,0.0,0.0,0.0,0.0,0.0,0.0,0.0,0.0,999,0.0,0.0
12.0_124.0,2020-08-01,0,0,0,0.0,0.0,0.0,0.0,0.0,0.0,0.0,0.0,999,0.0,0.0
12.0_125.0,2003-11-01,0,0,0,0.0,0.0,0.0,0.0,0.0,0.0,0.0,0.0,999,0.0,0.0
12.5_-88.5,2014-10-01,0,0,0,0.0,0.0,0.0,0.0,0.0,0.0,0.0,0.0,999,0.0,0.0
12.5_144.5,2001-10-01,0,0,0,0.0,0.0,0.0,0.0,0.0,0.0,0.0,0.0,999,0.0,0.0
13.0_-89.0,2001-01-01,0,0,0,0.0,0.0,0.0,0.0,0.0,0.0,0.0,0.0,999,0.0,0.0
13.0_-89.5,2019-05-01,0,0,0,0.0,0.0,0.0,0.0,0.0,0.0,0.0,0.0,999,0.0,0.0
13.0_125.5,2008-03-01,0,0,0,0.0,0.0,0.0,0.0,0.0,0.0,0.0,0.0,999,0.0,0.0
13.0_144.5,2002-04-01,0,0,0,0.0,0.0,0.0,0.0,0.0,0.0,0.0,0.0,999,0.0,0.0
13.0_93.0,2002-09-01,0,0,0,0.0,0.0,0.0,0.0,0.0,0.0,0.0,0.0,999,0.0,0.0
13.5_-59.0,2015-07-01,0,0,0,0.0,0.0,0.0,0.0,0.0,0.0,0.0,0.0,999,0.0,0.0
13.5_-89.0,2001-02-01,0,0,0,0.0,0.0,0.0,0.0,0.0,0.0,0.0,0.0,999,0.0,0.0
13.5_-91.0,2003-01-01,0,0,0,0.0,0.0,0.0,0.0,0.0,0.0,0.0,0.0,999,0.0,0.0
13.5_-91.0,2007-06-01,0,0,0,0.0,0.0,0.0,0.0,0.0,0.0,0.0,0.0,53,0.0,0.0
13.5_-91.0,2017-06-01,0,0,0,0.0,0.0,0.0,0.0,0.0,0.0,0.0,0.0,120,0.0,0.0
13.5_-92.0,2012-11-01,0,0,0,0.0,0.0,0.0,0.0,0.0,0.0,0.0,0.0,999,0.0,0.0
13.5_120.5,2004-10-01,0,0,0,0.0,0.0,0.0,0.0,0.0,0.0,0.0,0.0,999,0.0,0.0
13.5_120.5,2021-07-01,0,0,0,0.0,0.0,0.0,0.0,0.0,0.0,0.0,0.0,201,0.0,0.0
13.5_144.0,2014-09-01,0,0,0,0.0,0.0,0.0,0.0,0.0,0.0,0.0,0.0,999,0.0,0.0
13.5_92.5,2010-03-01,0,0,0,0.0,0.0,0.0,0.0,0.0,0.0,0.0,0.0,999,0.0,0.0
14.0_-92.5,2008-10-01,0,0,0,0.0,0.0,0.0,0.0,0.0,0.0,0.0,0.0,999,0.0,0.0
14.0_-92.5,2012-11-01,0,0,0,0.0,0.0,0.0,0.0,0.0,0.0,0.0,0.0,49,0.0,0.0
14.0_146.0,2002-08-01,0,0,0,0.0,0.0,0.0,0.0,0.0,0.0,0.0,0.0,999,0.0,0.0
14.0_92.5,2009-08-01,0,0,0,0.0,0.0,0.0,0.0,0.0,0.0,0.0,0.0,999,0.0,0.0
14.5_-59.0,2014-02-01,0,0,0,0.0,0.0,0.0,0.0,0.0,0.0,0.0,0.0,999,0.0,0.0
14.5_-61.5,2007-11-01,0,0,0,0.0,0.0,0.0,0.0,0.0,0.0,0.0,0.0,999,0.0,0.0
14.5_-92.5,2014-07-01,0,0,0,0.0,0.0,0.0,0.0,0.0,0.0,0.0,0.0,999,0.0,0.0
14.5_-92.5,2017-06-01,0,0,0,0.0,0.0,0.0,0.0,0.0,0.0,0.0,0.0,35,0.0,0.0
14.5_-92.5,2019-02-01,0,0,0,0.0,0.0,0.0,0.0,0.0,0.0,0.0,0.0,20,0.0,0.0
15.0_-94.0,2017-09-01,0,0,0,0.0,0.0,0.0,0.0,0.0,0.0,0.0,0.0,999,0.0,0.0
15.5_-94.0,2015-12-01,0,0,0,0.0,0.0,0.0,0.0,0.0,0.0,0.0,0.0,999,0.0,0.0
15.5_-96.0,2020-06-01,0,0,0,0.0,0.0,0.0,0.0,0.0,0.0,0.0,0.0,999,0.0,0.0
16.0_-94.5,2008-02-01,0,0,0,0.0,0.0,0.0,0.0,0.0,0.0,0.0,0.0,999,0.0,0.0
16.0_-98.0,2018-02-01,0,0,0,0.0,0.0,0.0,0.0,0.0,0.0,0.0,0.0,999,0.0,0.0
16.0_-98.5,2012-03-01,0,0,0,0.0,0.0,0.0,0.0,0.0,0.0,0.0,0.0,999,0.0,0.0
16.5_-100.0,2021-09-01,0,0,0,0.0,0.0,0.0,0.0,0.0,0.0,0.0,0.0,999,0.0,0.0
16.5_-101.0,2002-04-01,0,0,0,0.0,0.0,0.0,0.0,0.0,0.0,0.0,0.0,999,0.0,0.0
16.5_-86.5,2009-05-01,0,0,0,0.0,0.0,0.0,0.0,0.0,0.0,0.0,0.0,999,0.0,0.0
17.0_-101.0,2014-04-01,0,0,0,0.0,0.0,0.0,0.0,0.0,0.0,0.0,0.0,999,0.0,0.0
17.0_-84.0,2018-01-01,0,0,0,0.0,0.0,0.0,0.0,0.0,0.0,0.0,0.0,999,0.0,0.0
17.0_-94.5,2011-04-01,0,0,0,0.0,0.0,0.0,0.0,0.0,0.0,0.0,0.0,999,0.0,0.0
17.5_-100.0,2011-12-01,0,0,0,0.0,0.0,0.0,0.0,0.0,0.0,0.0,0.0,999,0.0,0.0
17.5_120.5,2022-07-01,0,0,0,0.0,0.0,0.0,0.0,0.0,0.0,0.0,0.0,999,0.0,0.0
18.0_-103.0,2012-04-01,0,0,0,0.0,0.0,0.0,0.0,0.0,0.0,0.0,0.0,999,0.0,0.0
18.0_-103.0,2022-09-01,0,0,0,0.0,0.0,0.0,0.0,0.0,0.0,0.0,0.0,125,0.0,0.0
18.0_-103.5,2022-09-01,0,0,0,0.0,0.0,0.0,0.0,0.0,0.0,0.0,0.0,999,0.0,0.0
18.0_-73.0,2010-01-01,0,0,0,0.0,0.0,0.0,0.0,0.0,0.0,0.0,0.0,999,0.0,0.0
18.0_-73.5,2021-08-01,0,0,0,0.0,0.0,0.0,0.0,0.0,0.0,0.0,0.0,999,0.0,0.0
18.5_-104.5,2003-01-01,0,0,0,0.0,0.0,0.0,0.0,0.0,0.0,0.0,0.0,999,0.0,0.0
18.5_-107.0,2016-01-01,0,0,0,0.0,0.0,0.0,0.0,0.0,0.0,0.0,0.0,999,0.0,0.0
18.5_-81.5,2004-12-01,0,0,0,0.0,0.0,0.0,0.0,0.0,0.0,0.0,0.0,999,0.0,0.0
18.5_-98.5,2017-09-01,0,0,0,0.0,0.0,0.0,0.0,0.0,0.0,0.0,0.0,999,0.0,0.0
18.5_145.0,2013-05-01,0,0,0,0.0,0.0,0.0,0.0,0.0,0.0,0.0,0.0,999,0.0,0.0
18.5_145.5,2016-07-01,0,0,0,0.0,0.0,0.0,0.0,0.0,0.0,0.0,0.0,999,0.0,0.0
19.0_-155.0,2018-05-01,0,0,0,0.0,0.0,0.0,0.0,0.0,0.0,0.0,0.0,999,0.0,0.0
19.0_-79.0,2020-01-01,0,0,0,0.0,0.0,0.0,0.0,0.0,0.0,0.0,0.0,999,0.0,0.0
19.5_-156.0,2006-10-01,0,0,0,0.0,0.0,0.0,0.0,0.0,0.0,0.0,0.0,999,0.0,0.0
19.5_95.5,2003-09-01,0,0,0,0.0,0.0,0.0,0.0,0.0,0.0,0.0,0.0,999,0.0,0.0
2.0_126.5,2012-08-01,0,0,0,0.0,0.0,0.0,0.0,0.0,0.0,0.0,0.0,999,0.0,0.0
2.0_126.5,2019-01-01,0,0,0,0.0,0.0,0.0,0.0,0.0,0.0,0.0,0.0,77,0.0,0.0
2.0_127.0,2014-11-01,0,0,0,0.0,0.0,0.0,0.0,0.0,0.0,0.0,0.0,999,0.0,0.0
2.0_128.5,2003-05-01,0,0,0,0.0,0.0,0.0,0.0,0.0,0.0,0.0,0.0,999,0.0,0.0
2.0_93.0,2012-01-01,0,0,0,0.0,0.0,0.0,0.0,0.0,0.0,0.0,0.0,999,0.0,0.0
2.0_93.0,2012-04-01,0,1,1,7.2,7.2,7.2,19.0,19.0,838.0,4.0,4.0,3,0.5,7.2
2.0_96.5,2005-11-01,0,0,0,0.0,0.0,0.0,0.0,0.0,0.0,0.0,0.0,999,0.0,0.0
2.0_97.0,2005-03-01,0,0,0,0.0,0.0,0.0,0.0,0.0,0.0,0.0,0.0,999,0.0,0.0
2.0_97.0,2010-04-01,0,0,0,0.0,0.0,0.0,0.0,0.0,0.0,0.0,0.0,61,0.0,0.0
2.5_-78.0,2007-09-01,0,0,0,0.0,0.0,0.0,0.0,0.0,0.0,0.0,0.0,999,0.0,0.0
2.5_127.0,2007-07-01,0,0,0,0.0,0.0,0.0,0.0,0.0,0.0,0.0,0.0,999,0.0,0.0
2.5_95.5,2005-02-01,0,0,0,0.0,0.0,0.0,0.0,0.0,0.0,0.0,0.0,999,0.0,0.0
2.5_95.5,2008-02-01,0,0,0,0.0,0.0,0.0,0.0,0.0,0.0,0.0,0.0,36,0.0,0.0
2.5_96.0,2002-11-01,0,0,0,0.0,0.0,0.0,0.0,0.0,0.0,0.0,0.0,999,0.0,0.0
2.5_97.5,2011-09-01,0,0,0,0.0,0.0,0.0,0.0,0.0,0.0,0.0,0.0,999,0.0,0.0
20.5_94.5,2016-08-01,0,0,0,0.0,0.0,0.0,0.0,0.0,0.0,0.0,0.0,999,0.0,0.0
20.5_99.5,2011-03-01,0,0,0,0.0,0.0,0.0,0.0,0.0,0.0,0.0,0.0,999,0.0,0.0
21.5_120.0,2006-12-01,0,0,0,0.0,0.0,0.0,0.0,0.0,0.0,0.0,0.0,999,0.0,0.0
21.5_120.5,2006-12-01,0,0,0,0.0,0.0,0.0,0.0,0.0,0.0,0.0,0.0,999,0.0,0.0
23.0_121.0,2003-12-01,0,0,0,0.0,0.0,0.0,0.0,0.0,0.0,0.0,0.0,999,0.0,0.0
23.0_121.0,2022-09-01,0,0,0,0.0,0.0,0.0,0.0,0.0,0.0,0.0,0.0,225,0.0,0.0
23.0_121.0,2022-09-01,0,0,0,0.0,0.0,0.0,0.0,0.0,0.0,0.0,0.0,225,0.0,0.0
23.0_121.5,2022-03-01,0,0,0,0.0,0.0,0.0,0.0,0.0,0.0,0.0,0.0,999,0.0,0.0
23.0_70.0,2001-01-01,0,0,0,0.0,0.0,0.0,0.0,0.0,0.0,0.0,0.0,999,0.0,0.0
23.0_94.5,2016-04-01,0,0,0,0.0,0.0,0.0,0.0,0.0,0.0,0.0,0.0,999,0.0,0.0
23.0_95.5,2012-11-01,0,0,0,0.0,0.0,0.0,0.0,0.0,0.0,0.0,0.0,999,0.0,0.0
23.5_122.5,2001-12-01,0,0,0,0.0,0.0,0.0,0.0,0.0,0.0,0.0,0.0,999,0.0,0.0
23.5_126.0,2021-11-01,0,0,0,0.0,0.0,0.0,0.0,0.0,0.0,0.0,0.0,999,0.0,0.0
24.0_122.0,2002-03-01,0,0,0,0.0,0.0,0.0,0.0,0.0,0.0,0.0,0.0,999,0.0,0.0
24.5_-109.5,2010-10-01,0,0,0,0.0,0.0,0.0,0.0,0.0,0.0,0.0,0.0,999,0.0,0.0
24.5_-110.0,2015-09-01,0,0,0,0.0,0.0,0.0,0.0,0.0,0.0,0.0,0.0,999,0.0,0.0
24.5_122.5,2004-10-01,0,0,0,0.0,0.0,0.0,0.0,0.0,0.0,0.0,0.0,999,0.0,0.0
24.5_93.5,2016-01-01,0,0,0,0.0,0.0,0.0,0.0,0.0,0.0,0.0,0.0,999,0.0,0.0
25.5_128.0,2010-02-01,0,0,0,0.0,0.0,0.0,0.0,0.0,0.0,0.0,0.0,999,0.0,0.0
26.0_-110.5,2013-10-01,0,0,0,0.0,0.0,0.0,0.0,0.0,0.0,0.0,0.0,999,0.0,0.0
26.5_65.5,2013-09-01,0,0,0,0.0,0.0,0.0,0.0,0.0,0.0,0.0,0.0,999,0.0,0.0
27.0_127.0,2014-03-01,0,0,0,0.0,0.0,0.0,0.0,0.0,0.0,0.0,0.0,999,0.0,0.0
27.0_65.5,2013-09-01,0,0,0,0.0,0.0,0.0,0.0,0.0,0.0,0.0,0.0,999,0.0,0.0
27.5_139.5,2015-06-01,0,0,0,0.0,0.0,0.0,0.0,0.0,0.0,0.0,0.0,999,0.0,0.0
27.5_140.0,2015-05-01,0,0,0,0.0,0.0,0.0,0.0,0.0,0.0,0.0,0.0,999,0.0,0.0
27.5_86.0,2015-04-01,0,0,0,0.0,0.0,0.0,0.0,0.0,0.0,0.0,0.0,999,0.0,0.0
27.5_86.0,2015-05-01,1,1,1,6.7,6.7,6.7,22.91,22.91,1016.0,7.0,7.0,1,0.5,6.7
27.5_88.0,2011-09-01,0,0,0,0.0,0.0,0.0,0.0,0.0,0.0,0.0,0.0,999,0.0,0.0
28.0_-112.5,2006-01-01,0,0,0,0.0,0.0,0.0,0.0,0.0,0.0,0.0,0.0,999,0.0,0.0
28.0_59.0,2010-12-01,0,0,0,0.0,0.0,0.0,0.0,0.0,0.0,0.0,0.0,999,0.0,0.0
28.0_61.5,2013-04-01,0,0,0,0.0,0.0,0.0,0.0,0.0,0.0,0.0,0.0,999,0.0,0.0
28.0_84.5,2015-04-01,0,0,0,0.0,0.0,0.0,0.0,0.0,0.0,0.0,0.0,999,0.0,0.0
28.0_84.5,2015-04-01,0,0,0,0.0,0.0,0.0,0.0,0.0,0.0,0.0,0.0,999,0.0,0.0
28.5_-113.5,2012-04-01,0,0,0,0.0,0.0,0.0,0.0,0.0,0.0,0.0,0.0,999,0.0,0.0
28.5_128.0,2020-06-01,0,0,0,0.0,0.0,0.0,0.0,0.0,0.0,0.0,0.0,999,0.0,0.0
28.5_58.0,2003-12-01,0,0,0,0.0,0.0,0.0,0.0,0.0,0.0,0.0,0.0,999,0.0,0.0
28.5_63.5,2011-01-01,0,0,0,0.0,0.0,0.0,0.0,0.0,0.0,0.0,0.0,999,0.0,0.0
29.0_-113.0,2009-08-01,0,0,0,0.0,0.0,0.0,0.0,0.0,0.0,0.0,0.0,999,0.0,0.0
29.0_129.5,2009-10-01,0,0,0,0.0,0.0,0.0,0.0,0.0,0.0,0.0,0.0,999,0.0,0.0
29.5_102.0,2022-09-01,0,0,0,0.0,0.0,0.0,0.0,0.0,0.0,0.0,0.0,999,0.0,0.0
29.5_138.5,2013-09-01,0,0,0,0.0,0.0,0.0,0.0,0.0,0.0,0.0,0.0,999,0.0,0.0
3.0_95.5,2004-12-01,0,0,0,0.0,0.0,0.0,0.0,0.0,0.0,0.0,0.0,999,0.0,0.0
3.5_126.0,2009-02-01,0,0,0,0.0,0.0,0.0,0.0,0.0,0.0,0.0,0.0,999,0.0,0.0
3.5_126.5,2016-01-01,0,0,0,0.0,0.0,0.0,0.0,0.0,0.0,0.0,0.0,999,0.0,0.0
3.5_96.0,2010-05-01,0,0,0,0.0,0.0,0.0,0.0,0.0,0.0,0.0,0.0,999,0.0,0.0
30.0_102.5,2013-04-01,0,0,0,0.0,0.0,0.0,0.0,0.0,0.0,0.0,0.0,999,0.0,0.0
30.5_83.5,2008-08-01,0,0,0,0.0,0.0,0.0,0.0,0.0,0.0,0.0,0.0,999,0.0,0.0
31.0_103.0,2008-05-01,0,0,0,0.0,0.0,0.0,0.0,0.0,0.0,0.0,0.0,999,0.0,0.0
31.0_128.5,2015-11-01,0,0,0,0.0,0.0,0.0,0.0,0.0,0.0,0.0,0.0,999,0.0,0.0
32.0_-115.5,2010-04-01,0,0,0,0.0,0.0,0.0,0.0,0.0,0.0,0.0,0.0,999,0.0,0.0
32.5_130.5,2016-04-01,0,0,0,0.0,0.0,0.0,0.0,0.0,0.0,0.0,0.0,999,0.0,0.0
32.5_140.0,2009-08-01,0,0,0,0.0,0.0,0.0,0.0,0.0,0.0,0.0,0.0,999,0.0,0.0
33.0_103.5,2017-08-01,0,0,0,0.0,0.0,0.0,0.0,0.0,0.0,0.0,0.0,999,0.0,0.0
33.0_136.5,2004-09-01,0,0,0,0.0,0.0,0.0,0.0,0.0,0.0,0.0,0.0,999,0.0,0.0
33.0_137.0,2004-09-01,0,0,0,0.0,0.0,0.0,0.0,0.0,0.0,0.0,0.0,999,0.0,0.0
33.0_137.0,2004-09-01,0,0,0,0.0,0.0,0.0,0.0,0.0,0.0,0.0,0.0,999,0.0,0.0
33.0_137.5,2009-08-01,0,0,0,0.0,0.0,0.0,0.0,0.0,0.0,0.0,0.0,999,0.0,0.0
33.0_96.5,2010-04-01,0,0,0,0.0,0.0,0.0,0.0,0.0,0.0,0.0,0.0,999,0.0,0.0
33.5_130.0,2005-03-01,0,0,0,0.0,0.0,0.0,0.0,0.0,0.0,0.0,0.0,999,0.0,0.0
34.0_132.5,2001-03-01,0,0,0,0.0,0.0,0.0,0.0,0.0,0.0,0.0,0.0,999,0.0,0.0
34.0_141.0,2005-01-01,0,0,0,0.0,0.0,0.0,0.0,0.0,0.0,0.0,0.0,999,0.0,0.0
34.0_25.5,2020-05-01,0,0,0,0.0,0.0,0.0,0.0,0.0,0.0,0.0,0.0,999,0.0,0.0
34.5_45.5,2017-11-01,0,0,0,0.0,0.0,0.0,0.0,0.0,0.0,0.0,0.0,999,0.0,0.0
34.5_73.5,2005-10-01,0,0,0,0.0,0.0,0.0,0.0,0.0,0.0,0.0,0.0,999,0.0,0.0
34.5_98.0,2021-05-01,0,0,0,0.0,0.0,0.0,0.0,0.0,0.0,0.0,0.0,999,0.0,0.0
35.0_31.5,2022-01-01,0,0,0,0.0,0.0,0.0,0.0,0.0,0.0,0.0,0.0,999,0.0,0.0
35.0_81.0,2008-03-01,0,0,0,0.0,0.0,0.0,0.0,0.0,0.0,0.0,0.0,999,0.0,0.0
35.5_-118.0,2019-07-01,0,0,0,0.0,0.0,0.0,0.0,0.0,0.0,0.0,0.0,999,0.0,0.0
35.5_-121.5,2003-12-01,0,0,0,0.0,0.0,0.0,0.0,0.0,0.0,0.0,0.0,999,0.0,0.0
35.5_23.0,2013-10-01,0,0,0,0.0,0.0,0.0,0.0,0.0,0.0,0.0,0.0,999,0.0,0.0
35.5_49.0,2002-06-01,0,0,0,0.0,0.0,0.0,0.0,0.0,0.0,0.0,0.0,999,0.0,0.0
35.5_82.5,2014-02-01,0,0,0,0.0,0.0,0.0,0.0,0.0,0.0,0.0,0.0,999,0.0,0.0
35.5_90.5,2001-11-01,0,0,0,0.0,0.0,0.0,0.0,0.0,0.0,0.0,0.0,999,0.0,0.0
36.0_141.0,2011-03-01,0,0,0,0.0,0.0,0.0,0.0,0.0,0.0,0.0,0.0,999,0.0,0.0
36.0_141.5,2008-05-01,0,0,0,0.0,0.0,0.0,0.0,0.0,0.0,0.0,0.0,999,0.0,0.0
36.0_141.5,2011-03-01,0,0,0,0.0,0.0,0.0,0.0,0.0,0.0,0.0,0.0,34,0.0,0.0
36.0_21.5,2008-02-01,0,0,0,0.0,0.0,0.0,0.0,0.0,0.0,0.0,0.0,999,0.0,0.0
36.0_23.0,2006-01-01,0,0,0,0.0,0.0,0.0,0.0,0.0,0.0,0.0,0.0,999,0.0,0.0
36.0_70.5,2009-01-01,0,0,0,0.0,0.0,0.0,0.0,0.0,0.0,0.0,0.0,999,0.0,0.0
36.0_71.0,2005-12-01,0,0,0,0.0,0.0,0.0,0.0,0.0,0.0,0.0,0.0,999,0.0,0.0
36.0_71.0,2016-04-01,0,0,0,0.0,0.0,0.0,0.0,0.0,0.0,0.0,0.0,124,0.0,0.0
36.5_134.5,2007-07-01,0,0,0,0.0,0.0,0.0,0.0,0.0,0.0,0.0,0.0,999,0.0,0.0
36.5_21.5,2008-02-01,0,0,0,0.0,0.0,0.0,0.0,0.0,0.0,0.0,0.0,999,0.0,0.0
36.5_27.0,2017-07-01,0,0,0,0.0,0.0,0.0,0.0,0.0,0.0,0.0,0.0,999,0.0,0.0
36.5_3.5,2003-05-01,0,0,0,0.0,0.0,0.0,0.0,0.0,0.0,0.0,0.0,999,0.0,0.0
36.5_70.0,2002-03-01,0,0,0,0.0,0.0,0.0,0.0,0.0,0.0,0.0,0.0,999,0.0,0.0
36.5_70.0,2015-10-01,0,0,0,0.0,0.0,0.0,0.0,0.0,0.0,0.0,0.0,163,0.0,0.0
36.5_71.0,2004-04-01,0,0,0,0.0,0.0,0.0,0.0,0.0,0.0,0.0,0.0,999,0.0,0.0
37.0_136.5,2007-03-01,0,0,0,0.0,0.0,0.0,0.0,0.0,0.0,0.0,0.0,999,0.0,0.0
37.0_138.5,2004-10-01,0,0,0,0.0,0.0,0.0,0.0,0.0,0.0,0.0,0.0,999,0.0,0.0
37.0_140.0,2011-04-01,0,0,0,0.0,0.0,0.0,0.0,0.0,0.0,0.0,0.0,999,0.0,0.0
37.0_141.0,2016-11-01,0,0,0,0.0,0.0,0.0,0.0,0.0,0.0,0.0,0.0,999,0.0,0.0
37.0_142.0,2014-07-01,0,0,0,0.0,0.0,0.0,0.0,0.0,0.0,0.0,0.0,999,0.0,0.0
37.0_144.5,2013-10-01,0,0,0,0.0,0.0,0.0,0.0,0.0,0.0,0.0,0.0,999,0.0,0.0
37.5_101.0,2022-01-01,0,0,0,0.0,0.0,0.0,0.0,0.0,0.0,0.0,0.0,999,0.0,0.0
37.5_138.0,2007-07-01,0,0,0,0.0,0.0,0.0,0.0,0.0,0.0,0.0,0.0,999,0.0,0.0
37.5_141.5,2010-03-01,0,0,0,0.0,0.0,0.0,0.0,0.0,0.0,0.0,0.0,999,0.0,0.0
37.5_141.5,2021-02-01,0,0,0,0.0,0.0,0.0,0.0,0.0,0.0,0.0,0.0,131,0.0,0.0
37.5_141.5,2022-03-01,0,0,0,0.0,0.0,0.0,0.0,0.0,0.0,0.0,0.0,13,0.0,0.0
37.5_142.0,2008-07-01,0,0,0,0.0,0.0,0.0,0.0,0.0,0.0,0.0,0.0,999,0.0,0.0
37.5_142.5,2003-10-01,0,0,0,0.0,0.0,0.0,0.0,0.0,0.0,0.0,0.0,999,0.0,0.0
37.5_142.5,2008-07-01,0,0,0,0.0,0.0,0.0,0.0,0.0,0.0,0.0,0.0,57,0.0,0.0
37.5_143.5,2012-12-01,0,0,0,0.0,0.0,0.0,0.0,0.0,0.0,0.0,0.0,999,0.0,0.0
37.5_20.5,2018-10-01,0,0,0,0.0,0.0,0.0,0.0,0.0,0.0,0.0,0.0,999,0.0,0.0
37.5_26.5,2020-10-01,0,0,0,0.0,0.0,0.0,0.0,0.0,0.0,0.0,0.0,999,0.0,0.0
38.0_-118.0,2020-05-01,0,0,0,0.0,0.0,0.0,0.0,0.0,0.0,0.0,0.0,999,0.0,0.0
38.0_141.5,2011-04-01,0,0,0,0.0,0.0,0.0,0.0,0.0,0.0,0.0,0.0,999,0.0,0.0
38.0_141.5,2021-03-01,0,0,0,0.0,0.0,0.0,0.0,0.0,0.0,0.0,0.0,119,0.0,0.0
38.0_141.5,2021-05-01,0,1,1,7.0,7.0,7.0,43.0,43.0,1052.0,7.0,7.0,2,0.5,7.0
38.0_142.0,2005-08-01,0,0,0,0.0,0.0,0.0,0.0,0.0,0.0,0.0,0.0,999,0.0,0.0
38.0_142.0,2005-12-01,0,0,1,0.0,7.2,7.2,36.0,36.0,0.0,0.0,0.0,4,-0.5,7.2
38.0_142.0,2011-03-01,0,0,0,0.0,0.0,0.0,0.0,0.0,0.0,0.0,0.0,63,0.0,0.0
38.0_142.5,2011-03-01,0,0,0,0.0,0.0,0.0,0.0,0.0,0.0,0.0,0.0,999,0.0,0.0
38.0_144.5,2011-03-01,0,0,0,0.0,0.0,0.0,0.0,0.0,0.0,0.0,0.0,999,0.0,0.0
38.0_39.0,2020-01-01,0,0,0,0.0,0.0,0.0,0.0,0.0,0.0,0.0,0.0,999,0.0,0.0
38.0_72.5,2015-12-01,0,0,0,0.0,0.0,0.0,0.0,0.0,0.0,0.0,0.0,999,0.0,0.0
38.5_141.5,2003-05-01,0,0,0,0.0,0.0,0.0,0.0,0.0,0.0,0.0,0.0,999,0.0,0.0
38.5_142.0,2015-05-01,0,0,0,0.0,0.0,0.0,0.0,0.0,0.0,0.0,0.0,999,0.0,0.0
38.5_20.5,2015-11-01,0,0,0,0.0,0.0,0.0,0.0,0.0,0.0,0.0,0.0,999,0.0,0.0
38.5_31.0,2002-02-01,0,0,0,0.0,0.0,0.0,0.0,0.0,0.0,0.0,0.0,999,0.0,0.0
38.5_43.5,2011-10-01,0,0,0,0.0,0.0,0.0,0.0,0.0,0.0,0.0,0.0,999,0.0,0.0
39.0_140.5,2008-06-01,0,0,0,0.0,0.0,0.0,0.0,0.0,0.0,0.0,0.0,999,0.0,0.0
39.0_141.0,2001-12-01,0,0,0,0.0,0.0,0.0,0.0,0.0,0.0,0.0,0.0,999,0.0,0.0
39.0_142.0,2011-03-01,0,0,0,0.0,0.0,0.0,0.0,0.0,0.0,0.0,0.0,999,0.0,0.0
39.0_24.0,2001-07-01,0,0,0,0.0,0.0,0.0,0.0,0.0,0.0,0.0,0.0,999,0.0,0.0
39.0_73.5,2016-11-01,0,0,0,0.0,0.0,0.0,0.0,0.0,0.0,0.0,0.0,999,0.0,0.0
39.5_141.0,2008-07-01,0,0,0,0.0,0.0,0.0,0.0,0.0,0.0,0.0,0.0,999,0.0,0.0
39.5_142.0,2011-06-01,0,0,0,0.0,0.0,0.0,0.0,0.0,0.0,0.0,0.0,999,0.0,0.0
39.5_142.5,2015-02-01,0,0,0,0.0,0.0,0.0,0.0,0.0,0.0,0.0,0.0,999,0.0,0.0
39.5_73.5,2008-10-01,0,0,0,0.0,0.0,0.0,0.0,0.0,0.0,0.0,0.0,999,0.0,0.0
4.0_122.5,2017-01-01,0,0,0,0.0,0.0,0.0,0.0,0.0,0.0,0.0,0.0,999,0.0,0.0
4.5_-78.0,2004-11-01,0,0,0,0.0,0.0,0.0,0.0,0.0,0.0,0.0,0.0,999,0.0,0.0
4.5_126.0,2005-02-01,0,0,0,0.0,0.0,0.0,0.0,0.0,0.0,0.0,0.0,999,0.0,0.0
40.0_-126.5,2016-12-01,0,0,0,0.0,0.0,0.0,0.0,0.0,0.0,0.0,0.0,999,0.0,0.0
40.0_142.5,2011-09-01,0,0,0,0.0,0.0,0.0,0.0,0.0,0.0,0.0,0.0,999,0.0,0.0
40.0_25.0,2014-05-01,0,0,0,0.0,0.0,0.0,0.0,0.0,0.0,0.0,0.0,999,0.0,0.0
40.5_-125.0,2010-01-01,0,0,0,0.0,0.0,0.0,0.0,0.0,0.0,0.0,0.0,999,0.0,0.0
40.5_-125.5,2014-03-01,0,0,0,0.0,0.0,0.0,0.0,0.0,0.0,0.0,0.0,999,0.0,0.0
41.0_-126.0,2005-06-01,0,0,0,0.0,0.0,0.0,0.0,0.0,0.0,0.0,0.0,999,0.0,0.0
41.5_142.5,2016-01-01,0,0,0,0.0,0.0,0.0,0.0,0.0,0.0,0.0,0.0,999,0.0,0.0
41.5_143.5,2003-09-01,0,0,0,0.0,0.0,0.0,0.0,0.0,0.0,0.0,0.0,999,0.0,0.0
41.5_143.5,2003-09-01,0,0,0,0.0,0.0,0.0,0.0,0.0,0.0,0.0,0.0,999,0.0,0.0
41.5_143.5,2008-09-01,0,0,0,0.0,0.0,0.0,0.0,0.0,0.0,0.0,0.0,60,0.0,0.0
42.0_144.0,2003-09-01,0,0,0,0.0,0.0,0.0,0.0,0.0,0.0,0.0,0.0,999,0.0,0.0
42.5_13.0,2016-10-01,0,0,0,0.0,0.0,0.0,0.0,0.0,0.0,0.0,0.0,999,0.0,0.0
42.5_141.5,2018-09-01,0,0,0,0.0,0.0,0.0,0.0,0.0,0.0,0.0,0.0,999,0.0,0.0
42.5_143.0,2013-02-01,0,0,0,0.0,0.0,0.0,0.0,0.0,0.0,0.0,0.0,999,0.0,0.0
42.5_144.5,2003-10-01,0,0,0,0.0,0.0,0.0,0.0,0.0,0.0,0.0,0.0,999,0.0,0.0
42.5_145.0,2004-12-01,0,0,0,0.0,0.0,0.0,0.0,0.0,0.0,0.0,0.0,999,0.0,0.0
43.0_145.0,2004-11-01,0,0,0,0.0,0.0,0.0,0.0,0.0,0.0,0.0,0.0,999,0.0,0.0
44.0_-115.5,2020-03-01,0,0,0,0.0,0.0,0.0,0.0,0.0,0.0,0.0,0.0,999,0.0,0.0
45.5_148.5,2020-02-01,0,0,0,0.0,0.0,0.0,0.0,0.0,0.0,0.0,0.0,999,0.0,0.0
46.0_150.5,2013-04-01,0,0,0,0.0,0.0,0.0,0.0,0.0,0.0,0.0,0.0,999,0.0,0.0
46.0_154.5,2007-01-01,0,0,0,0.0,0.0,0.0,0.0,0.0,0.0,0.0,0.0,999,0.0,0.0
46.5_153.0,2006-11-01,0,0,0,0.0,0.0,0.0,0.0,0.0,0.0,0.0,0.0,999,0.0,0.0
47.0_-123.0,2001-02-01,0,0,0,0.0,0.0,0.0,0.0,0.0,0.0,0.0,0.0,999,0.0,0.0
48.5_157.5,2020-03-01,0,0,0,0.0,0.0,0.0,0.0,0.0,0.0,0.0,0.0,999,0.0,0.0
49.0_-129.0,2004-11-01,0,0,0,0.0,0.0,0.0,0.0,0.0,0.0,0.0,0.0,999,0.0,0.0
49.0_-129.5,2018-10-01,0,0,0,0.0,0.0,0.0,0.0,0.0,0.0,0.0,0.0,999,0.0,0.0
49.0_-129.5,2018-10-01,0,0,0,0.0,0.0,0.0,0.0,0.0,0.0,0.0,0.0,999,0.0,0.0
49.0_-130.0,2018-10-01,0,0,0,0.0,0.0,0.0,0.0,0.0,0.0,0.0,0.0,999,0.0,0.0
49.0_156.0,2018-10-01,0,0,0,0.0,0.0,0.0,0.0,0.0,0.0,0.0,0.0,999,0.0,0.0
49.5_-128.0,2014-04-01,0,0,0,0.0,0.0,0.0,0.0,0.0,0.0,0.0,0.0,999,0.0,0.0
49.5_145.0,2012-08-01,0,0,0,0.0,0.0,0.0,0.0,0.0,0.0,0.0,0.0,999,0.0,0.0
5.0_123.0,2005-02-01,0,0,0,0.0,0.0,0.0,0.0,0.0,0.0,0.0,0.0,999,0.0,0.0
5.0_127.5,2021-01-01,0,0,0,0.0,0.0,0.0,0.0,0.0,0.0,0.0,0.0,999,0.0,0.0
5.0_96.0,2016-12-01,0,0,0,0.0,0.0,0.0,0.0,0.0,0.0,0.0,0.0,999,0.0,0.0
5.5_-78.5,2013-08-01,0,0,0,0.0,0.0,0.0,0.0,0.0,0.0,0.0,0.0,999,0.0,0.0
5.5_-83.0,2015-01-01,0,0,0,0.0,0.0,0.0,0.0,0.0,0.0,0.0,0.0,999,0.0,0.0
5.5_125.0,2017-04-01,0,0,0,0.0,0.0,0.0,0.0,0.0,0.0,0.0,0.0,999,0.0,0.0
5.5_126.5,2018-12-01,0,0,0,0.0,0.0,0.0,0.0,0.0,0.0,0.0,0.0,999,0.0,0.0
50.0_87.5,2003-09-01,0,0,0,0.0,0.0,0.0,0.0,0.0,0.0,0.0,0.0,999,0.0,0.0
50.0_87.5,2003-10-01,1,1,1,7.3,7.3,7.3,16.0,16.0,820.0,7.0,0.0,1,0.5,7.3
50.5_157.0,2013-02-01,0,0,0,0.0,0.0,0.0,0.0,0.0,0.0,0.0,0.0,999,0.0,0.0
50.5_157.0,2013-03-01,1,1,1,6.9,6.9,6.9,41.0,41.0,736.0,6.0,5.0,1,0.5,6.9
51.0_-178.5,2018-08-01,0,0,0,0.0,0.0,0.0,0.0,0.0,0.0,0.0,0.0,999,0.0,0.0
51.0_100.0,2021-01-01,0,0,0,0.0,0.0,0.0,0.0,0.0,0.0,0.0,0.0,999,0.0,0.0
51.0_157.5,2006-08-01,0,0,0,0.0,0.0,0.0,0.0,0.0,0.0,0.0,0.0,999,0.0,0.0
51.5_-175.0,2013-09-01,0,0,0,0.0,0.0,0.0,0.0,0.0,0.0,0.0,0.0,999,0.0,0.0
51.5_-175.5,2013-08-01,0,0,0,0.0,0.0,0.0,0.0,0.0,0.0,0.0,0.0,999,0.0,0.0
51.5_178.5,2014-06-01,0,0,0,0.0,0.0,0.0,0.0,0.0,0.0,0.0,0.0,999,0.0,0.0
51.5_95.5,2011-12-01,0,0,0,0.0,0.0,0.0,0.0,0.0,0.0,0.0,0.0,999,0.0,0.0
51.5_95.5,2012-02-01,0,1,1,6.6,6.6,6.6,15.0,15.0,670.0,7.0,0.0,2,0.5,6.6
52.0_-168.0,2022-01-01,0,0,0,0.0,0.0,0.0,0.0,0.0,0.0,0.0,0.0,999,0.0,0.0
52.0_-168.0,2022-01-01,0,0,0,0.0,0.0,0.0,0.0,0.0,0.0,0.0,0.0,999,0.0,0.0
52.0_-169.5,2015-07-01,0,0,0,0.0,0.0,0.0,0.0,0.0,0.0,0.0,0.0,999,0.0,0.0
52.0_151.0,2013-05-01,0,0,0,0.0,0.0,0.0,0.0,0.0,0.0,0.0,0.0,999,0.0,0.0
52.0_176.5,2017-10-01,0,0,0,0.0,0.0,0.0,0.0,0.0,0.0,0.0,0.0,999,0.0,0.0
52.5_-132.5,2012-10-01,0,0,0,0.0,0.0,0.0,0.0,0.0,0.0,0.0,0.0,999,0.0,0.0
52.5_-168.0,2022-01-01,0,0,0,0.0,0.0,0.0,0.0,0.0,0.0,0.0,0.0,999,0.0,0.0
52.5_-168.5,2022-01-01,0,0,0,0.0,0.0,0.0,0.0,0.0,0.0,0.0,0.0,999,0.0,0.0
52.5_-168.5,2022-01-01,0,0,0,0.0,0.0,0.0,0.0,0.0,0.0,0.0,0.0,999,0.0,0.0
52.5_-168.5,2022-01-01,0,0,0,0.0,0.0,0.0,0.0,0.0,0.0,0.0,0.0,999,0.0,0.0
52.5_153.0,2018-10-01,0,0,0,0.0,0.0,0.0,0.0,0.0,0.0,0.0,0.0,999,0.0,0.0
53.0_152.5,2013-10-01,0,0,0,0.0,0.0,0.0,0.0,0.0,0.0,0.0,0.0,999,0.0,0.0
53.5_158.5,2016-01-01,0,0,0,0.0,0.0,0.0,0.0,0.0,0.0,0.0,0.0,999,0.0,0.0
54.0_168.5,2017-07-01,0,0,0,0.0,0.0,0.0,0.0,0.0,0.0,0.0,0.0,999,0.0,0.0
54.0_170.5,2017-06-01,0,0,0,0.0,0.0,0.0,0.0,0.0,0.0,0.0,0.0,999,0.0,0.0
54.5_-160.0,2020-10-01,0,0,0,0.0,0.0,0.0,0.0,0.0,0.0,0.0,0.0,999,0.0,0.0
54.5_153.0,2013-05-01,0,0,0,0.0,0.0,0.0,0.0,0.0,0.0,0.0,0.0,999,0.0,0.0
54.5_163.0,2021-03-01,0,0,0,0.0,0.0,0.0,0.0,0.0,0.0,0.0,0.0,999,0.0,0.0
55.0_-135.0,2013-01-01,0,0,0,0.0,0.0,0.0,0.0,0.0,0.0,0.0,0.0,999,0.0,0.0
55.0_-158.0,2021-07-01,0,0,0,0.0,0.0,0.0,0.0,0.0,0.0,0.0,0.0,999,0.0,0.0
55.0_-158.0,2021-07-01,0,0,0,0.0,0.0,0.0,0.0,0.0,0.0,0.0,0.0,999,0.0,0.0
55.0_-158.0,2021-08-01,2,2,2,8.2,8.2,8.2,40.83,46.66,1252.0,6.5,8.0,1,1.0,8.2
55.0_-158.0,2021-08-01,2,2,2,8.2,8.2,8.2,40.83,46.66,1252.0,6.5,8.0,1,1.0,8.2
55.0_-158.5,2020-07-01,0,0,0,0.0,0.0,0.0,0.0,0.0,0.0,0.0,0.0,999,0.0,0.0
55.0_159.5,2003-06-01,0,0,0,0.0,0.0,0.0,0.0,0.0,0.0,0.0,0.0,999,0.0,0.0
55.0_164.5,2018-12-01,0,0,0,0.0,0.0,0.0,0.0,0.0,0.0,0.0,0.0,999,0.0,0.0
55.5_160.0,2004-06-01,0,0,0,0.0,0.0,0.0,0.0,0.0,0.0,0.0,0.0,999,0.0,0.0
56.0_-149.5,2018-01-01,0,0,0,0.0,0.0,0.0,0.0,0.0,0.0,0.0,0.0,999,0.0,0.0
56.0_-156.5,2021-10-01,0,0,0,0.0,0.0,0.0,0.0,0.0,0.0,0.0,0.0,999,0.0,0.0
56.5_-153.5,2001-01-01,0,0,0,0.0,0.0,0.0,0.0,0.0,0.0,0.0,0.0,999,0.0,0.0
56.5_-156.5,2015-05-01,0,0,0,0.0,0.0,0.0,0.0,0.0,0.0,0.0,0.0,999,0.0,0.0
56.5_162.5,2017-03-01,0,0,0,0.0,0.0,0.0,0.0,0.0,0.0,0.0,0.0,999,0.0,0.0
58.5_-155.0,2001-07-01,0,0,0,0.0,0.0,0.0,0.0,0.0,0.0,0.0,0.0,999,0.0,0.0
59.5_-153.5,2016-01-01,0,0,0,0.0,0.0,0.0,0.0,0.0,0.0,0.0,0.0,999,0.0,0.0
6.0_123.0,2010-07-01,0,0,0,0.0,0.0,0.0,0.0,0.0,0.0,0.0,0.0,999,0.0,0.0
6.0_123.0,2014-12-01,0,0,0,0.0,0.0,0.0,0.0,0.0,0.0,0.0,0.0,53,0.0,0.0
6.0_124.0,2002-03-01,0,0,0,0.0,0.0,0.0,0.0,0.0,0.0,0.0,0.0,999,0.0,0.0
6.0_126.5,2021-08-01,0,0,0,0.0,0.0,0.0,0.0,0.0,0.0,0.0,0.0,999,0.0,0.0
6.5_125.0,2019-10-01,0,0,0,0.0,0.0,0.0,0.0,0.0,0.0,0.0,0.0,999,0.0,0.0
6.5_125.0,2019-10-01,0,0,0,0.0,0.0,0.0,0.0,0.0,0.0,0.0,0.0,999,0.0,0.0
6.5_125.0,2019-12-01,0,2,2,6.6,6.6,6.55,12.5,15.0,780.0,7.0,9.0,2,1.0,6.6
6.5_126.5,2001-01-01,0,0,0,0.0,0.0,0.0,0.0,0.0,0.0,0.0,0.0,999,0.0,0.0
6.5_126.5,2001-01-01,0,0,0,0.0,0.0,0.0,0.0,0.0,0.0,0.0,0.0,999,0.0,0.0
6.5_92.5,2004-12-01,0,0,0,0.0,0.0,0.0,0.0,0.0,0.0,0.0,0.0,999,0.0,0.0
6.5_94.5,2015-11-01,0,0,0,0.0,0.0,0.0,0.0,0.0,0.0,0.0,0.0,999,0.0,0.0
60.0_167.5,2006-04-01,0,0,0,0.0,0.0,0.0,0.0,0.0,0.0,0.0,0.0,999,0.0,0.0
60.5_165.5,2006-05-01,0,0,0,0.0,0.0,0.0,0.0,0.0,0.0,0.0,0.0,999,0.0,0.0
60.5_167.0,2006-04-01,0,0,0,0.0,0.0,0.0,0.0,0.0,0.0,0.0,0.0,999,0.0,0.0
61.0_-150.0,2018-11-01,0,0,0,0.0,0.0,0.0,0.0,0.0,0.0,0.0,0.0,999,0.0,0.0
63.5_-147.5,2002-11-01,0,0,0,0.0,0.0,0.0,0.0,0.0,0.0,0.0,0.0,999,0.0,0.0
63.5_-148.0,2002-10-01,0,0,0,0.0,0.0,0.0,0.0,0.0,0.0,0.0,0.0,999,0.0,0.0
67.5_142.5,2013-02-01,0,0,0,0.0,0.0,0.0,0.0,0.0,0.0,0.0,0.0,999,0.0,0.0
7.0_-82.5,2014-05-01,0,0,0,0.0,0.0,0.0,0.0,0.0,0.0,0.0,0.0,999,0.0,0.0
7.5_-82.5,2022-10-01,0,0,0,0.0,0.0,0.0,0.0,0.0,0.0,0.0,0.0,999,0.0,0.0
7.5_-83.0,2002-07-01,0,0,0,0.0,0.0,0.0,0.0,0.0,0.0,0.0,0.0,999,0.0,0.0
7.5_-83.0,2014-12-01,0,0,0,0.0,0.0,0.0,0.0,0.0,0.0,0.0,0.0,149,0.0,0.0
7.5_-83.0,2021-07-01,0,0,0,0.0,0.0,0.0,0.0,0.0,0.0,0.0,0.0,79,0.0,0.0
7.5_91.5,2010-06-01,0,0,0,0.0,0.0,0.0,0.0,0.0,0.0,0.0,0.0,999,0.0,0.0
7.5_92.0,2005-07-01,0,0,0,0.0,0.0,0.0,0.0,0.0,0.0,0.0,0.0,999,0.0,0.0
71.5_-11.5,2018-11-01,0,0,0,0.0,0.0,0.0,0.0,0.0,0.0,0.0,0.0,999,0.0,0.0
8.0_-83.0,2003-12-01,0,0,0,0.0,0.0,0.0,0.0,0.0,0.0,0.0,0.0,999,0.0,0.0
8.5_92.0,2004-12-01,0,0,0,0.0,0.0,0.0,0.0,0.0,0.0,0.0,0.0,999,0.0,0.0
9.5_-84.5,2017-11-01,0,0,0,0.0,0.0,0.0,0.0,0.0,0.0,0.0,0.0,999,0.0,0.0
9.5_123.0,2012-02-01,0,0,0,0.0,0.0,0.0,0.0,0.0,0.0,0.0,0.0,999,0.0,0.0
9.5_124.0,2013-10-01,0,0,0,0.0,0.0,0.0,0.0,0.0,0.0,0.0,0.0,999,0.0,0.0
9.5_125.0,2017-02-01,0,0,0,0.0,0.0,0.0,0.0,0.0,0.0,0.0,0.0,999,0.0,0.0
